{"stats":{"minecraft:picked_up":{"minecraft:oak_log":4},"minecraft:custom":{"minecraft:jump":42,"minecraft:time_since_rest":3008,"minecraft:leave_game":1,"minecraft:crouch_one_cm":316,"minecraft:sprint_one_cm":4473,"minecraft:play_time":3008,"minecraft:damage_taken":20,"minecraft:time_since_death":3008,"minecraft:walk_one_cm":2548,"minecraft:sneak_time":271,"minecraft:total_world_time":3008,"minecraft:fall_one_cm":2272,"minecraft:fly_one_cm":5511},"minecraft:crafted":{"minecraft:oak_planks":16},"minecraft:mined":{"minecraft:oak_log":4,"minecraft:oak_leaves":7}},"DataVersion":3955}