{"stats":{"minecraft:crafted":{"minecraft:smooth_stone":3,"minecraft:oak_planks":44,"minecraft:furnace":3,"minecraft:blast_furnace":1,"minecraft:stone":8,"minecraft:cooked_mutton":8,"minecraft:iron_boots":2,"minecraft:stone_pickaxe":1,"minecraft:smoker":1,"minecraft:cooked_beef":18,"minecraft:cooked_porkchop":6,"minecraft:crafting_table":1,"minecraft:wooden_pickaxe":1,"minecraft:iron_helmet":2,"minecraft:iron_sword":1,"minecraft:cooked_salmon":0,"minecraft:bucket":2,"minecraft:stone_axe":1,"minecraft:air":0,"minecraft:oak_boat":1,"minecraft:iron_chestplate":2,"minecraft:diamond_pickaxe":1,"minecraft:shield":2,"minecraft:stick":36,"minecraft:iron_ingot":111,"minecraft:iron_pickaxe":1,"minecraft:wooden_axe":1,"minecraft:iron_leggings":2,"minecraft:torch":80},"minecraft:broken":{"minecraft:stone_pickaxe":1},"minecraft:used":{"minecraft:shield":21,"minecraft:stone":5,"minecraft:iron_sword":124,"minecraft:cooked_salmon":1,"minecraft:rotten_flesh":7,"minecraft:torch":65,"minecraft:dirt":7,"minecraft:tuff":2,"minecraft:axolotl_bucket":4,"minecraft:wooden_axe":8,"minecraft:iron_helmet":1,"minecraft:bow":1,"minecraft:furnace":7,"minecraft:oak_sapling":1,"minecraft:cooked_beef":9,"minecraft:cobbled_deepslate":28,"minecraft:cooked_mutton":8,"minecraft:water_bucket":12,"minecraft:stone_pickaxe":131,"minecraft:wooden_pickaxe":11,"minecraft:glow_berries":76,"minecraft:crafting_table":11,"minecraft:blast_furnace":2,"minecraft:smoker":7,"minecraft:diamond_pickaxe":150,"minecraft:black_wool":1,"minecraft:apple":2,"minecraft:iron_pickaxe":168,"minecraft:stone_axe":86,"minecraft:cobblestone":46,"minecraft:cooked_porkchop":6,"minecraft:birch_log":2,"minecraft:bucket":18,"minecraft:oak_boat":1,"minecraft:gray_wool":2},"minecraft:mined":{"minecraft:tuff":4,"minecraft:dark_oak_leaves":1,"minecraft:deepslate_diamond_ore":17,"minecraft:obsidian":2,"minecraft:granite":11,"minecraft:grass_block":6,"minecraft:spruce_leaves":1,"minecraft:moss_block":3,"minecraft:spawner":1,"minecraft:furnace":7,"minecraft:iron_ore":50,"minecraft:cobbled_deepslate":1,"minecraft:moss_carpet":1,"minecraft:deepslate_lapis_ore":3,"minecraft:deepslate_iron_ore":40,"minecraft:stone":184,"minecraft:smoker":6,"minecraft:crafting_table":11,"minecraft:torch":2,"minecraft:short_grass":9,"minecraft:blast_furnace":2,"minecraft:copper_ore":1,"minecraft:tall_grass":2,"minecraft:cobblestone":1,"minecraft:deepslate_gold_ore":16,"minecraft:sugar_cane":2,"minecraft:oak_planks":1,"minecraft:diorite":1,"minecraft:wall_torch":5,"minecraft:birch_log":41,"minecraft:spruce_log":4,"minecraft:birch_leaves":3,"minecraft:coal_ore":63,"minecraft:oak_log":10,"minecraft:gravel":4,"minecraft:dirt":2,"minecraft:cobweb":8,"minecraft:gold_ore":4,"minecraft:oak_leaves":10,"minecraft:deepslate":42},"minecraft:custom":{"minecraft:mob_kills":62,"minecraft:interact_with_crafting_table":32,"minecraft:leave_game":6,"minecraft:time_since_death":110776,"minecraft:climb_one_cm":477,"minecraft:sprint_one_cm":356091,"minecraft:walk_one_cm":173055,"minecraft:damage_blocked_by_shield":1364,"minecraft:drop":34,"minecraft:play_time":110776,"minecraft:sneak_time":8446,"minecraft:walk_under_water_one_cm":19524,"minecraft:boat_one_cm":84102,"minecraft:jump":2919,"minecraft:interact_with_blast_furnace":12,"minecraft:walk_on_water_one_cm":12013,"minecraft:total_world_time":110776,"minecraft:interact_with_furnace":81,"minecraft:time_since_rest":110776,"minecraft:damage_taken":2679,"minecraft:damage_dealt":8732,"minecraft:swim_one_cm":31998,"minecraft:fly_one_cm":421840,"minecraft:crouch_one_cm":25935,"minecraft:interact_with_smoker":31,"minecraft:fall_one_cm":81099},"minecraft:dropped":{"minecraft:moss_block":3,"minecraft:wheat_seeds":7,"minecraft:cooked_beef":2,"minecraft:iron_helmet":1,"minecraft:glow_berries":1,"minecraft:rail":1,"minecraft:dirt":1,"minecraft:wooden_axe":1,"minecraft:iron_leggings":1,"minecraft:axolotl_bucket":1,"minecraft:tuff":2,"minecraft:birch_sapling":3,"minecraft:rotten_flesh":7,"minecraft:iron_boots":1,"minecraft:big_dripleaf":1,"minecraft:shield":1,"minecraft:iron_chestplate":1,"minecraft:spider_eye":4,"minecraft:stone_pickaxe":1,"minecraft:wooden_pickaxe":1},"minecraft:picked_up":{"minecraft:crafting_table":11,"minecraft:string":12,"minecraft:cobbled_deepslate":44,"minecraft:beef":17,"minecraft:sugar_cane":4,"minecraft:birch_sapling":3,"minecraft:furnace":7,"minecraft:raw_iron":144,"minecraft:stick":3,"minecraft:big_dripleaf":1,"minecraft:torch":9,"minecraft:porkchop":6,"minecraft:arrow":14,"minecraft:rotten_flesh":14,"minecraft:mutton":21,"minecraft:glow_berries":72,"minecraft:obsidian":2,"minecraft:cobblestone":148,"minecraft:rail":1,"minecraft:white_wool":6,"minecraft:birch_log":41,"minecraft:salmon":1,"minecraft:leather":10,"minecraft:brown_wool":1,"minecraft:smoker":6,"minecraft:tuff":4,"minecraft:oak_log":11,"minecraft:lapis_lazuli":26,"minecraft:dirt":8,"minecraft:bone":14,"minecraft:apple":2,"minecraft:bow":1,"minecraft:wheat_seeds":7,"minecraft:raw_gold":20,"minecraft:stone_pickaxe":1,"minecraft:moss_block":3,"minecraft:oak_planks":1,"minecraft:blast_furnace":2,"minecraft:spruce_log":4,"minecraft:spider_eye":4,"minecraft:diamond":18,"minecraft:gray_wool":3,"minecraft:oak_sapling":1,"minecraft:black_wool":2,"minecraft:coal":319},"minecraft:killed":{"minecraft:cave_spider":1,"minecraft:spider":4,"minecraft:skeleton":13,"minecraft:pig":3,"minecraft:salmon":1,"minecraft:creeper":1,"minecraft:sheep":13,"minecraft:zombie":14,"minecraft:cow":8}},"DataVersion":3955}