{"stats":{"minecraft:killed_by":{"minecraft:drowned":1},"minecraft:crafted":{"minecraft:smooth_stone":3,"minecraft:oak_planks":44,"minecraft:birch_boat":1,"minecraft:furnace":3,"minecraft:blast_furnace":1,"minecraft:stone":8,"minecraft:cooked_mutton":8,"minecraft:iron_boots":2,"minecraft:stone_pickaxe":1,"minecraft:smoker":1,"minecraft:cooked_beef":19,"minecraft:cooked_porkchop":6,"minecraft:crafting_table":1,"minecraft:wooden_pickaxe":1,"minecraft:iron_helmet":2,"minecraft:iron_sword":1,"minecraft:cooked_salmon":0,"minecraft:birch_planks":12,"minecraft:bucket":3,"minecraft:stone_axe":1,"minecraft:air":0,"minecraft:oak_boat":1,"minecraft:iron_chestplate":2,"minecraft:diamond_pickaxe":1,"minecraft:shield":2,"minecraft:stick":36,"minecraft:iron_ingot":111,"minecraft:iron_pickaxe":1,"minecraft:wooden_axe":1,"minecraft:iron_leggings":2,"minecraft:white_bed":2,"minecraft:torch":80},"minecraft:broken":{"minecraft:stone_pickaxe":1},"minecraft:used":{"minecraft:shield":21,"minecraft:stone":5,"minecraft:iron_sword":172,"minecraft:cooked_salmon":1,"minecraft:rotten_flesh":7,"minecraft:torch":65,"minecraft:dirt":7,"minecraft:tuff":2,"minecraft:axolotl_bucket":4,"minecraft:wooden_axe":8,"minecraft:iron_helmet":2,"minecraft:bow":5,"minecraft:furnace":7,"minecraft:oak_sapling":1,"minecraft:cooked_beef":15,"minecraft:cobbled_deepslate":30,"minecraft:cooked_mutton":8,"minecraft:water_bucket":20,"minecraft:stone_pickaxe":131,"minecraft:birch_boat":3,"minecraft:wooden_pickaxe":11,"minecraft:golden_apple":1,"minecraft:glow_berries":76,"minecraft:crafting_table":14,"minecraft:blast_furnace":2,"minecraft:white_bed":4,"minecraft:smoker":7,"minecraft:diamond_pickaxe":160,"minecraft:black_wool":1,"minecraft:apple":2,"minecraft:iron_pickaxe":168,"minecraft:stone_axe":88,"minecraft:cobblestone":47,"minecraft:cooked_porkchop":6,"minecraft:birch_log":2,"minecraft:bucket":27,"minecraft:oak_boat":4,"minecraft:gray_wool":2},"minecraft:mined":{"minecraft:tuff":4,"minecraft:white_bed":4,"minecraft:dark_oak_leaves":1,"minecraft:deepslate_diamond_ore":17,"minecraft:obsidian":10,"minecraft:granite":11,"minecraft:grass_block":9,"minecraft:spruce_leaves":1,"minecraft:moss_block":3,"minecraft:spawner":1,"minecraft:furnace":7,"minecraft:iron_ore":50,"minecraft:cobbled_deepslate":1,"minecraft:moss_carpet":1,"minecraft:deepslate_lapis_ore":3,"minecraft:deepslate_iron_ore":40,"minecraft:stone":186,"minecraft:smoker":6,"minecraft:crafting_table":13,"minecraft:torch":2,"minecraft:short_grass":13,"minecraft:blast_furnace":2,"minecraft:copper_ore":1,"minecraft:tall_grass":5,"minecraft:cobblestone":1,"minecraft:deepslate_gold_ore":16,"minecraft:sugar_cane":13,"minecraft:oak_planks":1,"minecraft:diorite":1,"minecraft:wall_torch":5,"minecraft:birch_log":41,"minecraft:spruce_log":4,"minecraft:birch_leaves":3,"minecraft:coal_ore":63,"minecraft:oak_log":10,"minecraft:gravel":4,"minecraft:dirt":2,"minecraft:cobweb":8,"minecraft:gold_ore":4,"minecraft:oak_leaves":15,"minecraft:deepslate":42,"minecraft:fern":4},"minecraft:custom":{"minecraft:mob_kills":87,"minecraft:interact_with_crafting_table":36,"minecraft:leave_game":6,"minecraft:time_since_death":4849,"minecraft:climb_one_cm":1354,"minecraft:sprint_one_cm":421862,"minecraft:walk_one_cm":194214,"minecraft:damage_blocked_by_shield":1364,"minecraft:drop":44,"minecraft:play_time":134776,"minecraft:deaths":1,"minecraft:sneak_time":8705,"minecraft:walk_under_water_one_cm":27871,"minecraft:boat_one_cm":293190,"minecraft:jump":3490,"minecraft:interact_with_blast_furnace":12,"minecraft:walk_on_water_one_cm":23441,"minecraft:total_world_time":134776,"minecraft:interact_with_furnace":81,"minecraft:sleep_in_bed":2,"minecraft:time_since_rest":698,"minecraft:damage_absorbed":40,"minecraft:damage_taken":3338,"minecraft:damage_dealt":10973,"minecraft:swim_one_cm":88753,"minecraft:fly_one_cm":541635,"minecraft:crouch_one_cm":27556,"minecraft:interact_with_smoker":32,"minecraft:fall_one_cm":98738},"minecraft:dropped":{"minecraft:moss_block":3,"minecraft:birch_planks":1,"minecraft:wheat_seeds":7,"minecraft:cooked_beef":2,"minecraft:iron_helmet":1,"minecraft:glow_berries":1,"minecraft:rail":1,"minecraft:dirt":4,"minecraft:gray_wool":1,"minecraft:wooden_axe":1,"minecraft:brown_wool":1,"minecraft:iron_leggings":1,"minecraft:axolotl_bucket":1,"minecraft:white_wool":1,"minecraft:tuff":2,"minecraft:birch_sapling":3,"minecraft:rotten_flesh":7,"minecraft:iron_boots":1,"minecraft:big_dripleaf":1,"minecraft:shield":1,"minecraft:diamond_pickaxe":1,"minecraft:iron_chestplate":1,"minecraft:spider_eye":8,"minecraft:bamboo":1,"minecraft:stone_pickaxe":1,"minecraft:wooden_pickaxe":1,"minecraft:black_wool":1},"minecraft:picked_up":{"minecraft:iron_chestplate":1,"minecraft:crafting_table":13,"minecraft:shield":1,"minecraft:string":24,"minecraft:iron_leggings":1,"minecraft:cobbled_deepslate":58,"minecraft:beef":55,"minecraft:oak_boat":3,"minecraft:iron_pickaxe":1,"minecraft:sugar_cane":47,"minecraft:birch_sapling":3,"minecraft:iron_boots":1,"minecraft:furnace":8,"minecraft:raw_iron":150,"minecraft:stick":11,"minecraft:big_dripleaf":1,"minecraft:torch":33,"minecraft:porkchop":26,"minecraft:arrow":27,"minecraft:rotten_flesh":14,"minecraft:mutton":55,"minecraft:glow_berries":72,"minecraft:obsidian":20,"minecraft:cobblestone":215,"minecraft:rail":1,"minecraft:white_wool":7,"minecraft:birch_log":77,"minecraft:cooked_beef":4,"minecraft:water_bucket":1,"minecraft:salmon":1,"minecraft:leather":32,"minecraft:brown_wool":1,"minecraft:smoker":6,"minecraft:tuff":4,"minecraft:oak_log":11,"minecraft:lapis_lazuli":52,"minecraft:dirt":11,"minecraft:bone":28,"minecraft:apple":2,"minecraft:bow":2,"minecraft:wheat_seeds":7,"minecraft:raw_gold":40,"minecraft:iron_ingot":42,"minecraft:stone_pickaxe":1,"minecraft:bamboo":1,"minecraft:moss_block":3,"minecraft:iron_sword":1,"minecraft:oak_planks":1,"minecraft:birch_boat":3,"minecraft:axolotl_bucket":1,"minecraft:blast_furnace":3,"minecraft:white_bed":6,"minecraft:spruce_log":4,"minecraft:spider_eye":8,"minecraft:diamond":33,"minecraft:stone_axe":1,"minecraft:iron_helmet":1,"minecraft:golden_apple":1,"minecraft:gray_wool":3,"minecraft:oak_sapling":1,"minecraft:black_wool":2,"minecraft:coal":319,"minecraft:diamond_pickaxe":2},"minecraft:killed":{"minecraft:cave_spider":1,"minecraft:spider":4,"minecraft:skeleton":13,"minecraft:drowned":2,"minecraft:pig":11,"minecraft:salmon":1,"minecraft:creeper":1,"minecraft:sheep":20,"minecraft:zombie":14,"minecraft:cow":16}},"DataVersion":3955}