{"stats":{"minecraft:used":{"minecraft:cherry_sapling":23,"minecraft:iron_shovel":919,"minecraft:spruce_slab":134,"minecraft:poppy":1,"minecraft:chest":55,"minecraft:shield":22,"minecraft:stone":5,"minecraft:iron_sword":374,"minecraft:rotten_flesh":7,"minecraft:carrot":156,"minecraft:tuff":2,"minecraft:axolotl_bucket":5,"minecraft:obsidian":24,"minecraft:iron_helmet":2,"minecraft:stone_bricks":65,"minecraft:bow":5,"minecraft:furnace":11,"minecraft:oak_sapling":37,"minecraft:egg":4,"minecraft:potato":220,"minecraft:spruce_door":1,"minecraft:oak_planks":177,"minecraft:stone_pickaxe":131,"minecraft:wooden_pickaxe":11,"minecraft:sugar_cane":59,"minecraft:blue_bed":2,"minecraft:oak_leaves":66,"minecraft:golden_apple":1,"minecraft:glow_berries":76,"minecraft:sand":6,"minecraft:blast_furnace":6,"minecraft:shears":106,"minecraft:birch_fence":34,"minecraft:fire_charge":1,"minecraft:birch_log":2,"minecraft:oak_boat":5,"minecraft:experience_bottle":2,"minecraft:oak_trapdoor":3,"minecraft:oak_fence":60,"minecraft:enchanting_table":5,"minecraft:spruce_planks":238,"minecraft:cooked_salmon":1,"minecraft:torch":284,"minecraft:dirt":773,"minecraft:spruce_stairs":170,"minecraft:oak_fence_gate":2,"minecraft:birch_door":4,"minecraft:iron_hoe":425,"minecraft:wooden_axe":8,"minecraft:bookshelf":10,"minecraft:iron_axe":595,"minecraft:goat_horn":3,"minecraft:cooked_beef":59,"minecraft:cobbled_deepslate":30,"minecraft:cherry_log":2,"minecraft:iron_leggings":1,"minecraft:wheat_seeds":24,"minecraft:cooked_mutton":8,"minecraft:water_bucket":159,"minecraft:cobblestone_stairs":10,"minecraft:birch_planks":2,"minecraft:baked_potato":6,"minecraft:birch_boat":4,"minecraft:crafting_table":31,"minecraft:red_bed":2,"minecraft:white_bed":17,"minecraft:spruce_log":82,"minecraft:smoker":9,"minecraft:oak_log":45,"minecraft:black_wool":1,"minecraft:cornflower":1,"minecraft:diamond_pickaxe":663,"minecraft:apple":2,"minecraft:oxeye_daisy":1,"minecraft:iron_pickaxe":171,"minecraft:spruce_sapling":16,"minecraft:stone_axe":88,"minecraft:potion":1,"minecraft:cobblestone":178,"minecraft:cooked_porkchop":6,"minecraft:bucket":167,"minecraft:glass_pane":13,"minecraft:gray_wool":2},"minecraft:dropped":{"minecraft:moss_block":3,"minecraft:birch_planks":4,"minecraft:lapis_lazuli":25,"minecraft:cooked_beef":2,"minecraft:cooked_porkchop":28,"minecraft:crossbow":2,"minecraft:glow_berries":1,"minecraft:rail":2,"minecraft:dirt":5,"minecraft:cornflower":1,"minecraft:cut_sandstone":1,"minecraft:axolotl_bucket":1,"minecraft:sand":3,"minecraft:fishing_rod":1,"minecraft:white_wool":15,"minecraft:bone":7,"minecraft:stone_axe":1,"minecraft:cobbled_deepslate":17,"minecraft:birch_sapling":3,"minecraft:rotten_flesh":12,"minecraft:oak_planks":2,"minecraft:azalea":1,"minecraft:iron_bars":1,"minecraft:arrow":15,"minecraft:egg":2,"minecraft:iron_ingot":52,"minecraft:bread":64,"minecraft:wheat_seeds":27,"minecraft:cherry_log":11,"minecraft:poisonous_potato":2,"minecraft:iron_helmet":1,"minecraft:stick":8,"minecraft:oxeye_daisy":3,"minecraft:gray_wool":1,"minecraft:wooden_axe":1,"minecraft:brown_wool":1,"minecraft:iron_leggings":1,"minecraft:iron_axe":1,"minecraft:iron_shovel":1,"minecraft:string":1,"minecraft:pink_petals":4,"minecraft:dandelion":4,"minecraft:tuff":2,"minecraft:iron_boots":1,"minecraft:filled_map":1,"minecraft:big_dripleaf":1,"minecraft:shield":2,"minecraft:iron_chestplate":1,"minecraft:diamond_pickaxe":1,"minecraft:spider_eye":8,"minecraft:bamboo":1,"minecraft:bow":3,"minecraft:stone_pickaxe":1,"minecraft:wooden_pickaxe":1,"minecraft:black_wool":2},"minecraft:broken":{"minecraft:iron_shovel":1,"minecraft:stone_pickaxe":1,"minecraft:iron_sword":1,"minecraft:iron_hoe":1,"minecraft:iron_axe":2,"minecraft:iron_helmet":1},"minecraft:killed":{"minecraft:cave_spider":1,"minecraft:spider":6,"minecraft:skeleton":20,"minecraft:pig":21,"minecraft:salmon":1,"minecraft:creeper":5,"minecraft:sheep":34,"minecraft:pillager":15,"minecraft:zombie":20,"minecraft:cow":31,"minecraft:drowned":4},"minecraft:killed_by":{"minecraft:creeper":2,"minecraft:drowned":1},"minecraft:custom":{"minecraft:animals_bred":2,"minecraft:interact_with_crafting_table":110,"minecraft:leave_game":9,"minecraft:time_since_death":7649,"minecraft:sprint_one_cm":1254849,"minecraft:damage_blocked_by_shield":1424,"minecraft:drop":119,"minecraft:play_time":434601,"minecraft:deaths":4,"minecraft:jump":9573,"minecraft:walk_on_water_one_cm":48486,"minecraft:enchant_item":2,"minecraft:interact_with_furnace":129,"minecraft:sleep_in_bed":26,"minecraft:damage_dealt":21486,"minecraft:crouch_one_cm":72264,"minecraft:interact_with_smoker":78,"minecraft:mob_kills":163,"minecraft:climb_one_cm":2558,"minecraft:walk_one_cm":922614,"minecraft:sneak_time":20554,"minecraft:walk_under_water_one_cm":56551,"minecraft:boat_one_cm":528071,"minecraft:interact_with_blast_furnace":24,"minecraft:total_world_time":434601,"minecraft:time_since_rest":7720,"minecraft:damage_taken":6551,"minecraft:damage_absorbed":40,"minecraft:swim_one_cm":219470,"minecraft:fly_one_cm":1794471,"minecraft:open_chest":208,"minecraft:fall_one_cm":251100},"minecraft:crafted":{"minecraft:oak_planks":552,"minecraft:smooth_stone":13,"minecraft:birch_boat":2,"minecraft:cobblestone_stairs":12,"minecraft:stone":82,"minecraft:bookshelf":10,"minecraft:cooked_mutton":8,"minecraft:glass":17,"minecraft:iron_boots":2,"minecraft:chest":45,"minecraft:birch_door":6,"minecraft:stone_bricks":64,"minecraft:oak_fence":69,"minecraft:smoker":2,"minecraft:cooked_porkchop":34,"minecraft:crafting_table":18,"minecraft:spruce_planks":528,"minecraft:baked_potato":71,"minecraft:wooden_pickaxe":1,"minecraft:iron_helmet":2,"minecraft:birch_planks":272,"minecraft:iron_chestplate":2,"minecraft:book":17,"minecraft:paper":51,"minecraft:diamond_pickaxe":1,"minecraft:shield":2,"minecraft:birch_fence":48,"minecraft:stick":172,"minecraft:iron_ingot":172,"minecraft:iron_pickaxe":1,"minecraft:shears":1,"minecraft:cherry_planks":300,"minecraft:furnace":6,"minecraft:blast_furnace":2,"minecraft:oak_trapdoor":4,"minecraft:glass_pane":32,"minecraft:spruce_stairs":156,"minecraft:iron_axe":3,"minecraft:spruce_slab":144,"minecraft:iron_hoe":2,"minecraft:stone_pickaxe":1,"minecraft:wheat":603,"minecraft:cooked_beef":67,"minecraft:red_dye":1,"minecraft:enchanting_table":1,"minecraft:iron_sword":2,"minecraft:red_bed":1,"minecraft:blue_bed":1,"minecraft:cooked_salmon":0,"minecraft:bucket":3,"minecraft:stone_axe":1,"minecraft:bread":126,"minecraft:air":0,"minecraft:blue_dye":2,"minecraft:oak_boat":1,"minecraft:oak_fence_gate":2,"minecraft:wooden_axe":1,"minecraft:iron_shovel":2,"minecraft:iron_leggings":2,"minecraft:white_bed":4,"minecraft:torch":108},"minecraft:mined":{"minecraft:spruce_planks":66,"minecraft:white_bed":14,"minecraft:oak_sapling":4,"minecraft:farmland":1,"minecraft:cobblestone_stairs":1,"minecraft:cherry_log":33,"minecraft:obsidian":27,"minecraft:granite":12,"minecraft:grass_block":636,"minecraft:oxeye_daisy":3,"minecraft:spawner":1,"minecraft:iron_ore":50,"minecraft:cobbled_deepslate":4,"minecraft:fire":3,"minecraft:moss_carpet":1,"minecraft:deepslate_lapis_ore":3,"minecraft:azure_bluet":1,"minecraft:enchanting_table":4,"minecraft:iron_bars":1,"minecraft:spruce_slab":9,"minecraft:cut_sandstone":6,"minecraft:red_bed":1,"minecraft:smoker":7,"minecraft:torch":9,"minecraft:blast_furnace":4,"minecraft:poppy":2,"minecraft:chest":9,"minecraft:cobblestone":67,"minecraft:sugar_cane":63,"minecraft:oak_planks":58,"minecraft:wall_torch":13,"minecraft:pink_petals":2,"minecraft:birch_log":41,"minecraft:oak_log":211,"minecraft:sand":67,"minecraft:dirt":238,"minecraft:oak_leaves":245,"minecraft:deepslate":42,"minecraft:tuff":4,"minecraft:dark_oak_leaves":1,"minecraft:deepslate_diamond_ore":17,"minecraft:cherry_sapling":4,"minecraft:spruce_leaves":51,"minecraft:moss_block":3,"minecraft:large_fern":2,"minecraft:hay_block":45,"minecraft:oak_trapdoor":1,"minecraft:spruce_sapling":3,"minecraft:furnace":9,"minecraft:carrots":111,"minecraft:chiseled_sandstone":1,"minecraft:mossy_stone_brick_stairs":1,"minecraft:bookshelf":5,"minecraft:potatoes":139,"minecraft:deepslate_iron_ore":40,"minecraft:stone":575,"minecraft:stone_brick_slab":2,"minecraft:spruce_door":2,"minecraft:dandelion":8,"minecraft:oak_fence":1,"minecraft:crafting_table":15,"minecraft:cornflower":4,"minecraft:short_grass":155,"minecraft:tall_grass":43,"minecraft:copper_ore":3,"minecraft:deepslate_gold_ore":16,"minecraft:diorite":1,"minecraft:blue_bed":1,"minecraft:spruce_stairs":30,"minecraft:spruce_log":165,"minecraft:birch_leaves":3,"minecraft:bee_nest":1,"minecraft:coal_ore":63,"minecraft:cherry_leaves":2,"minecraft:gravel":9,"minecraft:cobweb":8,"minecraft:stone_bricks":3,"minecraft:gold_ore":4,"minecraft:birch_fence":1,"minecraft:fern":7},"minecraft:picked_up":{"minecraft:iron_chestplate":4,"minecraft:wheat":192,"minecraft:sentry_armor_trim_smithing_template":2,"minecraft:lead":9,"minecraft:string":25,"minecraft:raw_copper":20,"minecraft:iron_leggings":4,"minecraft:cobbled_deepslate":61,"minecraft:spruce_planks":80,"minecraft:azalea":2,"minecraft:iron_pickaxe":1,"minecraft:furnace":10,"minecraft:iron_boots":4,"minecraft:stick":118,"minecraft:big_dripleaf":1,"minecraft:oak_fence":19,"minecraft:torch":241,"minecraft:spruce_stairs":29,"minecraft:porkchop":54,"minecraft:cherry_log":123,"minecraft:rotten_flesh":32,"minecraft:obsidian":45,"minecraft:iron_bars":2,"minecraft:cobblestone":881,"minecraft:birch_log":77,"minecraft:enchanting_table":5,"minecraft:pink_petals":8,"minecraft:cooked_beef":44,"minecraft:water_bucket":4,"minecraft:brown_wool":1,"minecraft:smoker":7,"minecraft:potato":386,"minecraft:flint":2,"minecraft:tuff":4,"minecraft:lapis_lazuli":77,"minecraft:dirt":1241,"minecraft:bone":43,"minecraft:glass":15,"minecraft:bow":6,"minecraft:wheat_seeds":48,"minecraft:raw_gold":87,"minecraft:bamboo":1,"minecraft:moss_block":3,"minecraft:oak_planks":61,"minecraft:mossy_stone_brick_stairs":1,"minecraft:cooked_porkchop":28,"minecraft:axolotl_bucket":2,"minecraft:poisonous_potato":3,"minecraft:sand":89,"minecraft:iron_hoe":3,"minecraft:diamond":59,"minecraft:crossbow":3,"minecraft:granite":1,"minecraft:golden_apple":3,"minecraft:bread":62,"minecraft:oak_sapling":39,"minecraft:diamond_pickaxe":5,"minecraft:oak_leaves":106,"minecraft:crafting_table":18,"minecraft:azure_bluet":2,"minecraft:ominous_bottle":2,"minecraft:shield":2,"minecraft:cornflower":6,"minecraft:oak_trapdoor":1,"minecraft:red_bed":1,"minecraft:iron_axe":4,"minecraft:iron_shovel":3,"minecraft:birch_fence":1,"minecraft:beef":86,"minecraft:oak_boat":4,"minecraft:iron_nugget":23,"minecraft:poppy":2,"minecraft:spruce_slab":11,"minecraft:sugar_cane":128,"minecraft:chest":10,"minecraft:birch_sapling":3,"minecraft:egg":8,"minecraft:raw_iron":150,"minecraft:fire_charge":1,"minecraft:carrot":275,"minecraft:arrow":63,"minecraft:hay_block":42,"minecraft:glow_berries":72,"minecraft:mutton":99,"minecraft:white_wool":26,"minecraft:rail":3,"minecraft:oxeye_daisy":3,"minecraft:salmon":1,"minecraft:cut_sandstone":1,"minecraft:leather":46,"minecraft:birch_planks":2,"minecraft:oak_log":356,"minecraft:gunpowder":10,"minecraft:cobblestone_stairs":1,"minecraft:blue_bed":1,"minecraft:apple":16,"minecraft:stone_bricks":5,"minecraft:iron_ingot":146,"minecraft:stone_pickaxe":1,"minecraft:iron_sword":4,"minecraft:book":30,"minecraft:birch_boat":3,"minecraft:stone_brick_slab":2,"minecraft:dandelion":17,"minecraft:gravel":2,"minecraft:spruce_sapling":16,"minecraft:blast_furnace":5,"minecraft:white_bed":17,"minecraft:spruce_log":274,"minecraft:spruce_door":2,"minecraft:spider_eye":8,"minecraft:stone_axe":1,"minecraft:iron_helmet":3,"minecraft:cherry_sapling":23,"minecraft:gray_wool":3,"minecraft:baked_potato":71,"minecraft:black_wool":4,"minecraft:coal":415}},"DataVersion":3955}