{"stats":{"minecraft:crafted":{"minecraft:cooked_beef":11,"minecraft:smooth_stone":3,"minecraft:oak_planks":44,"minecraft:cooked_porkchop":6,"minecraft:crafting_table":1,"minecraft:wooden_pickaxe":1,"minecraft:iron_helmet":2,"minecraft:iron_sword":1,"minecraft:furnace":3,"minecraft:blast_furnace":1,"minecraft:cooked_salmon":0,"minecraft:stone":8,"minecraft:bucket":2,"minecraft:stone_axe":1,"minecraft:cooked_mutton":8,"minecraft:air":0,"minecraft:oak_boat":1,"minecraft:iron_boots":2,"minecraft:iron_chestplate":2,"minecraft:diamond_pickaxe":1,"minecraft:shield":2,"minecraft:stick":36,"minecraft:iron_ingot":80,"minecraft:iron_pickaxe":1,"minecraft:stone_pickaxe":1,"minecraft:wooden_axe":1,"minecraft:iron_leggings":2,"minecraft:torch":80,"minecraft:smoker":1},"minecraft:mined":{"minecraft:tuff":4,"minecraft:dark_oak_leaves":1,"minecraft:deepslate_diamond_ore":10,"minecraft:smoker":5,"minecraft:obsidian":1,"minecraft:crafting_table":10,"minecraft:torch":1,"minecraft:short_grass":7,"minecraft:grass_block":4,"minecraft:tall_grass":2,"minecraft:spruce_leaves":1,"minecraft:deepslate_gold_ore":16,"minecraft:moss_block":3,"minecraft:oak_planks":1,"minecraft:diorite":1,"minecraft:wall_torch":2,"minecraft:spawner":1,"minecraft:furnace":6,"minecraft:cobbled_deepslate":1,"minecraft:birch_log":41,"minecraft:iron_ore":46,"minecraft:spruce_log":4,"minecraft:birch_leaves":3,"minecraft:moss_carpet":1,"minecraft:deepslate_lapis_ore":3,"minecraft:oak_log":10,"minecraft:coal_ore":63,"minecraft:deepslate_iron_ore":31,"minecraft:dirt":1,"minecraft:cobweb":8,"minecraft:gold_ore":4,"minecraft:stone":90,"minecraft:oak_leaves":5,"minecraft:deepslate":26},"minecraft:used":{"minecraft:cooked_mutton":8,"minecraft:water_bucket":6,"minecraft:stone_pickaxe":131,"minecraft:wooden_pickaxe":11,"minecraft:shield":21,"minecraft:iron_sword":99,"minecraft:cooked_salmon":1,"minecraft:rotten_flesh":7,"minecraft:glow_berries":25,"minecraft:torch":61,"minecraft:dirt":5,"minecraft:crafting_table":11,"minecraft:blast_furnace":1,"minecraft:smoker":5,"minecraft:wooden_axe":8,"minecraft:diamond_pickaxe":9,"minecraft:black_wool":1,"minecraft:apple":2,"minecraft:iron_pickaxe":161,"minecraft:iron_helmet":1,"minecraft:stone_axe":85,"minecraft:bow":1,"minecraft:cobblestone":46,"minecraft:oak_sapling":1,"minecraft:furnace":6,"minecraft:cooked_porkchop":6,"minecraft:bucket":8,"minecraft:birch_log":2,"minecraft:oak_boat":1,"minecraft:cooked_beef":9,"minecraft:cobbled_deepslate":28},"minecraft:broken":{"minecraft:stone_pickaxe":1},"minecraft:dropped":{"minecraft:wheat_seeds":2,"minecraft:cooked_beef":2,"minecraft:birch_sapling":1,"minecraft:rotten_flesh":7,"minecraft:iron_helmet":1,"minecraft:iron_boots":1,"minecraft:rail":1,"minecraft:shield":1,"minecraft:iron_chestplate":1,"minecraft:wooden_axe":1,"minecraft:iron_leggings":1,"minecraft:axolotl_bucket":1,"minecraft:wooden_pickaxe":1,"minecraft:stone_pickaxe":1},"minecraft:custom":{"minecraft:interact_with_furnace":74,"minecraft:mob_kills":53,"minecraft:interact_with_crafting_table":32,"minecraft:leave_game":6,"minecraft:time_since_death":86776,"minecraft:climb_one_cm":477,"minecraft:time_since_rest":86776,"minecraft:sprint_one_cm":286728,"minecraft:damage_taken":2178,"minecraft:walk_one_cm":138998,"minecraft:damage_blocked_by_shield":1364,"minecraft:drop":22,"minecraft:damage_dealt":7750,"minecraft:swim_one_cm":14509,"minecraft:fly_one_cm":320770,"minecraft:crouch_one_cm":23575,"minecraft:play_time":86776,"minecraft:sneak_time":7329,"minecraft:walk_under_water_one_cm":7375,"minecraft:boat_one_cm":27840,"minecraft:jump":2222,"minecraft:interact_with_blast_furnace":3,"minecraft:walk_on_water_one_cm":7429,"minecraft:fall_one_cm":60949,"minecraft:total_world_time":86776,"minecraft:interact_with_smoker":21},"minecraft:picked_up":{"minecraft:birch_log":41,"minecraft:crafting_table":10,"minecraft:salmon":1,"minecraft:brown_wool":1,"minecraft:leather":5,"minecraft:smoker":5,"minecraft:tuff":4,"minecraft:oak_log":11,"minecraft:dirt":5,"minecraft:lapis_lazuli":26,"minecraft:string":11,"minecraft:bone":14,"minecraft:apple":2,"minecraft:bow":1,"minecraft:wheat_seeds":2,"minecraft:cobbled_deepslate":29,"minecraft:raw_gold":20,"minecraft:beef":8,"minecraft:stone_pickaxe":1,"minecraft:moss_block":3,"minecraft:birch_sapling":1,"minecraft:oak_planks":1,"minecraft:furnace":6,"minecraft:stick":3,"minecraft:raw_iron":125,"minecraft:torch":5,"minecraft:porkchop":6,"minecraft:spruce_log":4,"minecraft:spider_eye":2,"minecraft:arrow":13,"minecraft:rotten_flesh":14,"minecraft:diamond":11,"minecraft:obsidian":1,"minecraft:gray_wool":2,"minecraft:oak_sapling":1,"minecraft:black_wool":2,"minecraft:glow_berries":49,"minecraft:mutton":17,"minecraft:coal":233,"minecraft:white_wool":4,"minecraft:rail":1,"minecraft:cobblestone":85},"minecraft:killed":{"minecraft:cave_spider":1,"minecraft:pig":3,"minecraft:salmon":1,"minecraft:spider":4,"minecraft:creeper":1,"minecraft:skeleton":12,"minecraft:sheep":10,"minecraft:zombie":14,"minecraft:cow":3}},"DataVersion":3955}