{"stats":{"minecraft:killed_by":{"minecraft:creeper":1,"minecraft:drowned":1},"minecraft:crafted":{"minecraft:oak_planks":380,"minecraft:smooth_stone":3,"minecraft:birch_boat":2,"minecraft:stone":18,"minecraft:bookshelf":5,"minecraft:cooked_mutton":8,"minecraft:iron_boots":2,"minecraft:chest":1,"minecraft:oak_fence":69,"minecraft:smoker":1,"minecraft:cooked_porkchop":6,"minecraft:crafting_table":3,"minecraft:spruce_planks":252,"minecraft:wooden_pickaxe":1,"minecraft:iron_helmet":2,"minecraft:birch_planks":60,"minecraft:book":17,"minecraft:iron_chestplate":2,"minecraft:paper":51,"minecraft:diamond_pickaxe":1,"minecraft:shield":2,"minecraft:birch_fence":21,"minecraft:stick":136,"minecraft:iron_ingot":172,"minecraft:iron_pickaxe":1,"minecraft:shears":1,"minecraft:furnace":3,"minecraft:blast_furnace":1,"minecraft:spruce_stairs":156,"minecraft:iron_axe":2,"minecraft:iron_hoe":2,"minecraft:stone_pickaxe":1,"minecraft:wheat":378,"minecraft:cooked_beef":67,"minecraft:red_dye":1,"minecraft:enchanting_table":1,"minecraft:iron_sword":2,"minecraft:red_bed":1,"minecraft:blue_bed":1,"minecraft:cooked_salmon":0,"minecraft:bucket":3,"minecraft:stone_axe":1,"minecraft:bread":126,"minecraft:air":0,"minecraft:blue_dye":2,"minecraft:oak_boat":1,"minecraft:oak_fence_gate":2,"minecraft:wooden_axe":1,"minecraft:iron_shovel":2,"minecraft:iron_leggings":2,"minecraft:white_bed":4,"minecraft:torch":108},"minecraft:broken":{"minecraft:iron_shovel":1,"minecraft:stone_pickaxe":1,"minecraft:iron_sword":1,"minecraft:iron_hoe":1,"minecraft:iron_axe":1},"minecraft:mined":{"minecraft:spruce_planks":37,"minecraft:white_bed":14,"minecraft:oak_sapling":2,"minecraft:farmland":1,"minecraft:cherry_log":33,"minecraft:obsidian":15,"minecraft:granite":12,"minecraft:grass_block":585,"minecraft:oxeye_daisy":3,"minecraft:spawner":1,"minecraft:cobbled_deepslate":4,"minecraft:iron_ore":50,"minecraft:fire":2,"minecraft:moss_carpet":1,"minecraft:deepslate_lapis_ore":3,"minecraft:azure_bluet":1,"minecraft:enchanting_table":1,"minecraft:iron_bars":1,"minecraft:cut_sandstone":6,"minecraft:smoker":6,"minecraft:torch":5,"minecraft:blast_furnace":2,"minecraft:poppy":2,"minecraft:chest":2,"minecraft:cobblestone":1,"minecraft:sugar_cane":26,"minecraft:oak_planks":13,"minecraft:wall_torch":7,"minecraft:pink_petals":2,"minecraft:birch_log":41,"minecraft:oak_log":136,"minecraft:sand":61,"minecraft:dirt":59,"minecraft:oak_leaves":197,"minecraft:deepslate":42,"minecraft:tuff":4,"minecraft:dark_oak_leaves":1,"minecraft:deepslate_diamond_ore":17,"minecraft:cherry_sapling":4,"minecraft:spruce_leaves":13,"minecraft:moss_block":3,"minecraft:large_fern":2,"minecraft:hay_block":45,"minecraft:furnace":8,"minecraft:carrots":17,"minecraft:chiseled_sandstone":1,"minecraft:mossy_stone_brick_stairs":1,"minecraft:potatoes":22,"minecraft:deepslate_iron_ore":40,"minecraft:stone":193,"minecraft:stone_brick_slab":2,"minecraft:dandelion":7,"minecraft:spruce_door":2,"minecraft:oak_fence":1,"minecraft:crafting_table":13,"minecraft:cornflower":4,"minecraft:short_grass":118,"minecraft:tall_grass":10,"minecraft:copper_ore":1,"minecraft:deepslate_gold_ore":16,"minecraft:diorite":1,"minecraft:spruce_stairs":12,"minecraft:spruce_log":92,"minecraft:birch_leaves":3,"minecraft:bee_nest":1,"minecraft:coal_ore":63,"minecraft:cherry_leaves":2,"minecraft:gravel":4,"minecraft:cobweb":8,"minecraft:gold_ore":4,"minecraft:fern":7},"minecraft:used":{"minecraft:cherry_sapling":23,"minecraft:iron_shovel":690,"minecraft:poppy":1,"minecraft:shield":22,"minecraft:chest":3,"minecraft:stone":5,"minecraft:iron_sword":366,"minecraft:rotten_flesh":7,"minecraft:carrot":69,"minecraft:tuff":2,"minecraft:axolotl_bucket":5,"minecraft:iron_helmet":2,"minecraft:bow":5,"minecraft:furnace":9,"minecraft:oak_sapling":29,"minecraft:egg":3,"minecraft:potato":84,"minecraft:spruce_door":1,"minecraft:stone_pickaxe":131,"minecraft:oak_planks":168,"minecraft:wooden_pickaxe":11,"minecraft:blue_bed":1,"minecraft:oak_leaves":37,"minecraft:golden_apple":1,"minecraft:glow_berries":76,"minecraft:blast_furnace":3,"minecraft:shears":106,"minecraft:birch_fence":19,"minecraft:birch_log":2,"minecraft:oak_boat":5,"minecraft:experience_bottle":2,"minecraft:oak_fence":60,"minecraft:enchanting_table":2,"minecraft:spruce_planks":70,"minecraft:cooked_salmon":1,"minecraft:torch":247,"minecraft:dirt":643,"minecraft:spruce_stairs":151,"minecraft:oak_fence_gate":2,"minecraft:iron_hoe":320,"minecraft:wooden_axe":8,"minecraft:bookshelf":5,"minecraft:iron_axe":321,"minecraft:goat_horn":2,"minecraft:cooked_beef":49,"minecraft:cobbled_deepslate":30,"minecraft:cherry_log":2,"minecraft:cooked_mutton":8,"minecraft:water_bucket":124,"minecraft:birch_planks":2,"minecraft:birch_boat":4,"minecraft:crafting_table":16,"minecraft:red_bed":1,"minecraft:white_bed":17,"minecraft:smoker":7,"minecraft:spruce_log":18,"minecraft:oak_log":43,"minecraft:diamond_pickaxe":190,"minecraft:black_wool":1,"minecraft:cornflower":1,"minecraft:apple":2,"minecraft:oxeye_daisy":1,"minecraft:iron_pickaxe":171,"minecraft:spruce_sapling":8,"minecraft:stone_axe":88,"minecraft:cobblestone":87,"minecraft:potion":1,"minecraft:cooked_porkchop":6,"minecraft:bucket":132,"minecraft:gray_wool":2},"minecraft:custom":{"minecraft:interact_with_crafting_table":73,"minecraft:leave_game":8,"minecraft:time_since_death":57335,"minecraft:sprint_one_cm":907053,"minecraft:damage_blocked_by_shield":1424,"minecraft:drop":109,"minecraft:play_time":319992,"minecraft:deaths":2,"minecraft:jump":7712,"minecraft:walk_on_water_one_cm":45527,"minecraft:enchant_item":2,"minecraft:interact_with_furnace":87,"minecraft:sleep_in_bed":20,"minecraft:damage_dealt":21072,"minecraft:crouch_one_cm":57047,"minecraft:interact_with_smoker":56,"minecraft:mob_kills":160,"minecraft:climb_one_cm":2558,"minecraft:walk_one_cm":620727,"minecraft:sneak_time":16466,"minecraft:walk_under_water_one_cm":52198,"minecraft:boat_one_cm":528071,"minecraft:interact_with_blast_furnace":18,"minecraft:total_world_time":319992,"minecraft:time_since_rest":3566,"minecraft:damage_taken":5609,"minecraft:damage_absorbed":40,"minecraft:swim_one_cm":189196,"minecraft:fly_one_cm":1416100,"minecraft:open_chest":78,"minecraft:fall_one_cm":205954},"minecraft:dropped":{"minecraft:moss_block":3,"minecraft:birch_planks":4,"minecraft:lapis_lazuli":25,"minecraft:cooked_beef":2,"minecraft:crossbow":1,"minecraft:glow_berries":1,"minecraft:rail":2,"minecraft:dirt":5,"minecraft:cut_sandstone":1,"minecraft:axolotl_bucket":1,"minecraft:sand":3,"minecraft:fishing_rod":1,"minecraft:white_wool":15,"minecraft:bone":7,"minecraft:stone_axe":1,"minecraft:cobbled_deepslate":17,"minecraft:birch_sapling":3,"minecraft:rotten_flesh":12,"minecraft:oak_planks":2,"minecraft:azalea":1,"minecraft:arrow":15,"minecraft:egg":2,"minecraft:iron_ingot":52,"minecraft:bread":64,"minecraft:wheat_seeds":24,"minecraft:cherry_log":11,"minecraft:iron_helmet":1,"minecraft:stick":8,"minecraft:gray_wool":1,"minecraft:wooden_axe":1,"minecraft:brown_wool":1,"minecraft:iron_leggings":1,"minecraft:iron_axe":1,"minecraft:string":1,"minecraft:pink_petals":4,"minecraft:dandelion":4,"minecraft:tuff":2,"minecraft:iron_boots":1,"minecraft:filled_map":1,"minecraft:big_dripleaf":1,"minecraft:shield":2,"minecraft:iron_chestplate":1,"minecraft:diamond_pickaxe":1,"minecraft:spider_eye":8,"minecraft:bamboo":1,"minecraft:bow":3,"minecraft:stone_pickaxe":1,"minecraft:wooden_pickaxe":1,"minecraft:black_wool":2},"minecraft:picked_up":{"minecraft:iron_chestplate":2,"minecraft:sentry_armor_trim_smithing_template":2,"minecraft:lead":2,"minecraft:string":25,"minecraft:iron_leggings":2,"minecraft:cobbled_deepslate":61,"minecraft:spruce_planks":52,"minecraft:azalea":2,"minecraft:iron_pickaxe":1,"minecraft:iron_boots":2,"minecraft:furnace":9,"minecraft:stick":91,"minecraft:big_dripleaf":1,"minecraft:oak_fence":19,"minecraft:torch":216,"minecraft:spruce_stairs":12,"minecraft:porkchop":54,"minecraft:cherry_log":123,"minecraft:rotten_flesh":32,"minecraft:obsidian":33,"minecraft:iron_bars":1,"minecraft:cobblestone":222,"minecraft:birch_log":77,"minecraft:enchanting_table":1,"minecraft:pink_petals":8,"minecraft:cooked_beef":27,"minecraft:water_bucket":2,"minecraft:brown_wool":1,"minecraft:smoker":6,"minecraft:potato":78,"minecraft:tuff":4,"minecraft:lapis_lazuli":77,"minecraft:dirt":736,"minecraft:bone":41,"minecraft:bow":6,"minecraft:wheat_seeds":39,"minecraft:raw_gold":87,"minecraft:bamboo":1,"minecraft:moss_block":3,"minecraft:oak_planks":14,"minecraft:mossy_stone_brick_stairs":1,"minecraft:axolotl_bucket":2,"minecraft:sand":61,"minecraft:iron_hoe":1,"minecraft:diamond":59,"minecraft:crossbow":2,"minecraft:granite":1,"minecraft:golden_apple":3,"minecraft:bread":62,"minecraft:oak_sapling":31,"minecraft:diamond_pickaxe":3,"minecraft:oak_leaves":106,"minecraft:crafting_table":14,"minecraft:azure_bluet":2,"minecraft:ominous_bottle":2,"minecraft:shield":2,"minecraft:cornflower":6,"minecraft:iron_axe":2,"minecraft:iron_shovel":1,"minecraft:beef":86,"minecraft:oak_boat":4,"minecraft:iron_nugget":23,"minecraft:poppy":2,"minecraft:sugar_cane":74,"minecraft:chest":2,"minecraft:birch_sapling":3,"minecraft:egg":7,"minecraft:raw_iron":150,"minecraft:fire_charge":1,"minecraft:carrot":59,"minecraft:arrow":59,"minecraft:hay_block":42,"minecraft:glow_berries":72,"minecraft:mutton":99,"minecraft:white_wool":26,"minecraft:rail":3,"minecraft:oxeye_daisy":3,"minecraft:salmon":1,"minecraft:leather":46,"minecraft:cut_sandstone":1,"minecraft:birch_planks":2,"minecraft:oak_log":278,"minecraft:gunpowder":10,"minecraft:apple":15,"minecraft:iron_ingot":146,"minecraft:stone_pickaxe":1,"minecraft:iron_sword":2,"minecraft:birch_boat":3,"minecraft:stone_brick_slab":2,"minecraft:dandelion":17,"minecraft:spruce_sapling":8,"minecraft:blast_furnace":3,"minecraft:white_bed":17,"minecraft:spruce_log":201,"minecraft:spider_eye":8,"minecraft:spruce_door":2,"minecraft:stone_axe":1,"minecraft:iron_helmet":2,"minecraft:cherry_sapling":23,"minecraft:gray_wool":3,"minecraft:black_wool":4,"minecraft:coal":336},"minecraft:killed":{"minecraft:cave_spider":1,"minecraft:spider":6,"minecraft:skeleton":19,"minecraft:pig":21,"minecraft:salmon":1,"minecraft:creeper":5,"minecraft:sheep":34,"minecraft:pillager":15,"minecraft:zombie":18,"minecraft:cow":31,"minecraft:drowned":4}},"DataVersion":3955}