{"stats":{"minecraft:killed_by":{"minecraft:drowned":1},"minecraft:crafted":{"minecraft:smooth_stone":3,"minecraft:oak_planks":44,"minecraft:birch_boat":2,"minecraft:furnace":3,"minecraft:blast_furnace":1,"minecraft:stone":8,"minecraft:cooked_mutton":8,"minecraft:iron_boots":2,"minecraft:stone_pickaxe":1,"minecraft:smoker":1,"minecraft:cooked_beef":40,"minecraft:cooked_porkchop":6,"minecraft:crafting_table":3,"minecraft:wooden_pickaxe":1,"minecraft:iron_helmet":2,"minecraft:iron_sword":2,"minecraft:cooked_salmon":0,"minecraft:birch_planks":28,"minecraft:bucket":3,"minecraft:stone_axe":1,"minecraft:air":0,"minecraft:blue_dye":1,"minecraft:oak_boat":1,"minecraft:iron_chestplate":2,"minecraft:diamond_pickaxe":1,"minecraft:shield":2,"minecraft:stick":36,"minecraft:iron_ingot":111,"minecraft:iron_pickaxe":1,"minecraft:wooden_axe":1,"minecraft:iron_leggings":2,"minecraft:white_bed":2,"minecraft:torch":80},"minecraft:broken":{"minecraft:stone_pickaxe":1,"minecraft:iron_sword":1},"minecraft:used":{"minecraft:shield":22,"minecraft:stone":5,"minecraft:iron_sword":296,"minecraft:cooked_salmon":1,"minecraft:rotten_flesh":7,"minecraft:torch":217,"minecraft:dirt":7,"minecraft:tuff":2,"minecraft:axolotl_bucket":4,"minecraft:wooden_axe":8,"minecraft:iron_helmet":2,"minecraft:bow":5,"minecraft:goat_horn":2,"minecraft:furnace":8,"minecraft:oak_sapling":1,"minecraft:cooked_beef":25,"minecraft:cobbled_deepslate":30,"minecraft:cooked_mutton":8,"minecraft:water_bucket":37,"minecraft:birch_planks":2,"minecraft:stone_pickaxe":131,"minecraft:birch_boat":4,"minecraft:wooden_pickaxe":11,"minecraft:golden_apple":1,"minecraft:glow_berries":76,"minecraft:crafting_table":16,"minecraft:blast_furnace":2,"minecraft:white_bed":8,"minecraft:smoker":7,"minecraft:diamond_pickaxe":168,"minecraft:black_wool":1,"minecraft:apple":2,"minecraft:iron_pickaxe":171,"minecraft:stone_axe":88,"minecraft:potion":1,"minecraft:cobblestone":73,"minecraft:cooked_porkchop":6,"minecraft:birch_log":2,"minecraft:bucket":44,"minecraft:oak_boat":5,"minecraft:gray_wool":2},"minecraft:mined":{"minecraft:tuff":4,"minecraft:white_bed":8,"minecraft:dark_oak_leaves":1,"minecraft:deepslate_diamond_ore":17,"minecraft:obsidian":10,"minecraft:granite":11,"minecraft:grass_block":9,"minecraft:spruce_leaves":1,"minecraft:moss_block":3,"minecraft:spawner":1,"minecraft:furnace":8,"minecraft:fire":2,"minecraft:iron_ore":50,"minecraft:cobbled_deepslate":4,"minecraft:chiseled_sandstone":1,"minecraft:moss_carpet":1,"minecraft:deepslate_lapis_ore":3,"minecraft:deepslate_iron_ore":40,"minecraft:stone":186,"minecraft:cut_sandstone":6,"minecraft:smoker":6,"minecraft:crafting_table":13,"minecraft:torch":2,"minecraft:short_grass":13,"minecraft:blast_furnace":2,"minecraft:copper_ore":1,"minecraft:tall_grass":5,"minecraft:cobblestone":1,"minecraft:deepslate_gold_ore":16,"minecraft:sugar_cane":22,"minecraft:oak_planks":1,"minecraft:diorite":1,"minecraft:wall_torch":5,"minecraft:birch_log":41,"minecraft:spruce_log":4,"minecraft:birch_leaves":3,"minecraft:coal_ore":63,"minecraft:oak_log":10,"minecraft:sand":7,"minecraft:gravel":4,"minecraft:dirt":3,"minecraft:cobweb":8,"minecraft:gold_ore":4,"minecraft:oak_leaves":17,"minecraft:deepslate":42,"minecraft:fern":4},"minecraft:custom":{"minecraft:mob_kills":138,"minecraft:interact_with_crafting_table":38,"minecraft:leave_game":6,"minecraft:time_since_death":40849,"minecraft:climb_one_cm":2558,"minecraft:sprint_one_cm":527864,"minecraft:walk_one_cm":236641,"minecraft:damage_blocked_by_shield":1424,"minecraft:drop":70,"minecraft:play_time":170776,"minecraft:deaths":1,"minecraft:sneak_time":9254,"minecraft:walk_under_water_one_cm":48478,"minecraft:boat_one_cm":528071,"minecraft:jump":4399,"minecraft:interact_with_blast_furnace":12,"minecraft:walk_on_water_one_cm":32457,"minecraft:total_world_time":170776,"minecraft:interact_with_furnace":83,"minecraft:sleep_in_bed":4,"minecraft:time_since_rest":9918,"minecraft:damage_absorbed":40,"minecraft:damage_taken":3993,"minecraft:damage_dealt":17427,"minecraft:swim_one_cm":159329,"minecraft:fly_one_cm":719429,"minecraft:open_chest":14,"minecraft:crouch_one_cm":27805,"minecraft:interact_with_smoker":43,"minecraft:fall_one_cm":119348},"minecraft:dropped":{"minecraft:moss_block":3,"minecraft:birch_planks":4,"minecraft:wheat_seeds":8,"minecraft:lapis_lazuli":25,"minecraft:cooked_beef":2,"minecraft:iron_helmet":1,"minecraft:glow_berries":1,"minecraft:rail":1,"minecraft:stick":6,"minecraft:dirt":5,"minecraft:gray_wool":1,"minecraft:wooden_axe":1,"minecraft:brown_wool":1,"minecraft:cut_sandstone":1,"minecraft:iron_leggings":1,"minecraft:axolotl_bucket":1,"minecraft:sand":3,"minecraft:white_wool":10,"minecraft:bone":7,"minecraft:stone_axe":1,"minecraft:tuff":2,"minecraft:birch_sapling":3,"minecraft:rotten_flesh":8,"minecraft:iron_boots":1,"minecraft:filled_map":1,"minecraft:big_dripleaf":1,"minecraft:shield":2,"minecraft:diamond_pickaxe":1,"minecraft:iron_chestplate":1,"minecraft:spider_eye":8,"minecraft:bamboo":1,"minecraft:stone_pickaxe":1,"minecraft:wooden_pickaxe":1,"minecraft:black_wool":1},"minecraft:picked_up":{"minecraft:iron_chestplate":1,"minecraft:crafting_table":14,"minecraft:shield":2,"minecraft:string":24,"minecraft:iron_leggings":1,"minecraft:cobbled_deepslate":61,"minecraft:beef":86,"minecraft:oak_boat":4,"minecraft:iron_pickaxe":1,"minecraft:sugar_cane":69,"minecraft:birch_sapling":3,"minecraft:iron_boots":1,"minecraft:furnace":9,"minecraft:raw_iron":150,"minecraft:stick":11,"minecraft:big_dripleaf":1,"minecraft:torch":182,"minecraft:porkchop":49,"minecraft:arrow":27,"minecraft:rotten_flesh":15,"minecraft:mutton":98,"minecraft:glow_berries":72,"minecraft:obsidian":20,"minecraft:cobblestone":215,"minecraft:rail":1,"minecraft:white_wool":16,"minecraft:birch_log":77,"minecraft:cooked_beef":4,"minecraft:water_bucket":1,"minecraft:salmon":1,"minecraft:cut_sandstone":1,"minecraft:leather":46,"minecraft:brown_wool":1,"minecraft:smoker":6,"minecraft:birch_planks":2,"minecraft:tuff":4,"minecraft:oak_log":11,"minecraft:lapis_lazuli":52,"minecraft:dirt":12,"minecraft:bone":35,"minecraft:apple":2,"minecraft:bow":2,"minecraft:wheat_seeds":8,"minecraft:raw_gold":40,"minecraft:iron_ingot":42,"minecraft:stone_pickaxe":1,"minecraft:bamboo":1,"minecraft:moss_block":3,"minecraft:iron_sword":1,"minecraft:oak_planks":1,"minecraft:birch_boat":3,"minecraft:axolotl_bucket":1,"minecraft:sand":7,"minecraft:blast_furnace":3,"minecraft:white_bed":10,"minecraft:spruce_log":4,"minecraft:spider_eye":8,"minecraft:diamond":33,"minecraft:stone_axe":1,"minecraft:iron_helmet":1,"minecraft:golden_apple":1,"minecraft:gray_wool":3,"minecraft:oak_sapling":1,"minecraft:black_wool":2,"minecraft:coal":336,"minecraft:diamond_pickaxe":2},"minecraft:killed":{"minecraft:cave_spider":1,"minecraft:spider":4,"minecraft:skeleton":16,"minecraft:drowned":4,"minecraft:pig":19,"minecraft:salmon":1,"minecraft:creeper":1,"minecraft:sheep":33,"minecraft:pillager":10,"minecraft:zombie":14,"minecraft:cow":31}},"DataVersion":3955}