{"stats":{"minecraft:killed_by":{"minecraft:creeper":1,"minecraft:drowned":1},"minecraft:crafted":{"minecraft:smooth_stone":3,"minecraft:oak_planks":380,"minecraft:birch_boat":2,"minecraft:furnace":3,"minecraft:blast_furnace":1,"minecraft:stone":18,"minecraft:bookshelf":5,"minecraft:cooked_mutton":8,"minecraft:spruce_stairs":80,"minecraft:iron_boots":2,"minecraft:iron_axe":1,"minecraft:iron_hoe":2,"minecraft:stone_pickaxe":1,"minecraft:chest":1,"minecraft:oak_fence":69,"minecraft:smoker":1,"minecraft:wheat":378,"minecraft:cooked_beef":67,"minecraft:red_dye":1,"minecraft:cooked_porkchop":6,"minecraft:spruce_planks":140,"minecraft:crafting_table":3,"minecraft:enchanting_table":1,"minecraft:wooden_pickaxe":1,"minecraft:iron_helmet":2,"minecraft:iron_sword":2,"minecraft:blue_bed":1,"minecraft:red_bed":1,"minecraft:cooked_salmon":0,"minecraft:bucket":3,"minecraft:birch_planks":60,"minecraft:stone_axe":1,"minecraft:bread":126,"minecraft:air":0,"minecraft:blue_dye":2,"minecraft:oak_fence_gate":2,"minecraft:oak_boat":1,"minecraft:iron_chestplate":2,"minecraft:book":17,"minecraft:paper":51,"minecraft:diamond_pickaxe":1,"minecraft:shield":2,"minecraft:birch_fence":21,"minecraft:stick":136,"minecraft:iron_ingot":111,"minecraft:iron_pickaxe":1,"minecraft:wooden_axe":1,"minecraft:iron_shovel":2,"minecraft:iron_leggings":2,"minecraft:white_bed":4,"minecraft:torch":108,"minecraft:shears":1},"minecraft:broken":{"minecraft:iron_shovel":1,"minecraft:stone_pickaxe":1,"minecraft:iron_sword":1,"minecraft:iron_hoe":1},"minecraft:mined":{"minecraft:farmland":1,"minecraft:spruce_planks":37,"minecraft:tuff":4,"minecraft:white_bed":14,"minecraft:oak_sapling":2,"minecraft:dark_oak_leaves":1,"minecraft:deepslate_diamond_ore":17,"minecraft:cherry_log":33,"minecraft:cherry_sapling":4,"minecraft:obsidian":11,"minecraft:granite":12,"minecraft:grass_block":585,"minecraft:spruce_leaves":4,"minecraft:moss_block":3,"minecraft:oxeye_daisy":3,"minecraft:spawner":1,"minecraft:large_fern":2,"minecraft:hay_block":45,"minecraft:furnace":8,"minecraft:carrots":17,"minecraft:iron_ore":50,"minecraft:fire":2,"minecraft:cobbled_deepslate":4,"minecraft:chiseled_sandstone":1,"minecraft:moss_carpet":1,"minecraft:deepslate_lapis_ore":3,"minecraft:azure_bluet":1,"minecraft:enchanting_table":1,"minecraft:potatoes":22,"minecraft:deepslate_iron_ore":40,"minecraft:stone":193,"minecraft:cut_sandstone":6,"minecraft:smoker":6,"minecraft:spruce_door":2,"minecraft:dandelion":7,"minecraft:oak_fence":1,"minecraft:cornflower":4,"minecraft:crafting_table":13,"minecraft:torch":5,"minecraft:short_grass":111,"minecraft:blast_furnace":2,"minecraft:poppy":2,"minecraft:chest":2,"minecraft:copper_ore":1,"minecraft:tall_grass":8,"minecraft:cobblestone":1,"minecraft:deepslate_gold_ore":16,"minecraft:oak_planks":13,"minecraft:sugar_cane":22,"minecraft:wall_torch":7,"minecraft:diorite":1,"minecraft:spruce_stairs":1,"minecraft:pink_petals":2,"minecraft:birch_log":41,"minecraft:spruce_log":26,"minecraft:birch_leaves":3,"minecraft:bee_nest":1,"minecraft:oak_log":136,"minecraft:coal_ore":63,"minecraft:gravel":4,"minecraft:cherry_leaves":2,"minecraft:dirt":59,"minecraft:sand":7,"minecraft:cobweb":8,"minecraft:gold_ore":4,"minecraft:oak_leaves":197,"minecraft:deepslate":42,"minecraft:fern":6},"minecraft:used":{"minecraft:oak_fence":60,"minecraft:cherry_sapling":23,"minecraft:enchanting_table":2,"minecraft:iron_shovel":636,"minecraft:poppy":1,"minecraft:spruce_planks":70,"minecraft:chest":3,"minecraft:shield":22,"minecraft:iron_sword":359,"minecraft:stone":5,"minecraft:cooked_salmon":1,"minecraft:rotten_flesh":7,"minecraft:torch":247,"minecraft:dirt":643,"minecraft:spruce_stairs":70,"minecraft:carrot":69,"minecraft:tuff":2,"minecraft:axolotl_bucket":5,"minecraft:oak_fence_gate":2,"minecraft:iron_hoe":320,"minecraft:wooden_axe":8,"minecraft:bookshelf":5,"minecraft:iron_axe":242,"minecraft:iron_helmet":2,"minecraft:bow":5,"minecraft:oak_sapling":29,"minecraft:goat_horn":2,"minecraft:furnace":9,"minecraft:egg":3,"minecraft:potato":84,"minecraft:cooked_beef":44,"minecraft:cherry_log":2,"minecraft:cobbled_deepslate":30,"minecraft:cooked_mutton":8,"minecraft:water_bucket":99,"minecraft:spruce_door":1,"minecraft:birch_planks":2,"minecraft:oak_planks":164,"minecraft:stone_pickaxe":131,"minecraft:wooden_pickaxe":11,"minecraft:birch_boat":4,"minecraft:blue_bed":1,"minecraft:oak_leaves":37,"minecraft:golden_apple":1,"minecraft:glow_berries":76,"minecraft:crafting_table":16,"minecraft:red_bed":1,"minecraft:blast_furnace":3,"minecraft:shears":106,"minecraft:white_bed":17,"minecraft:spruce_log":16,"minecraft:smoker":7,"minecraft:birch_fence":19,"minecraft:oak_log":43,"minecraft:cornflower":1,"minecraft:black_wool":1,"minecraft:diamond_pickaxe":182,"minecraft:apple":2,"minecraft:oxeye_daisy":1,"minecraft:iron_pickaxe":171,"minecraft:stone_axe":88,"minecraft:potion":1,"minecraft:cobblestone":87,"minecraft:cooked_porkchop":6,"minecraft:bucket":107,"minecraft:birch_log":2,"minecraft:oak_boat":5,"minecraft:gray_wool":2,"minecraft:experience_bottle":2},"minecraft:custom":{"minecraft:mob_kills":157,"minecraft:interact_with_crafting_table":68,"minecraft:leave_game":8,"minecraft:time_since_death":33335,"minecraft:climb_one_cm":2558,"minecraft:sprint_one_cm":859360,"minecraft:walk_one_cm":595691,"minecraft:damage_blocked_by_shield":1424,"minecraft:drop":108,"minecraft:play_time":295992,"minecraft:sneak_time":15476,"minecraft:deaths":2,"minecraft:walk_under_water_one_cm":48948,"minecraft:boat_one_cm":528071,"minecraft:jump":7120,"minecraft:interact_with_blast_furnace":16,"minecraft:walk_on_water_one_cm":37663,"minecraft:enchant_item":2,"minecraft:total_world_time":295992,"minecraft:interact_with_furnace":87,"minecraft:sleep_in_bed":18,"minecraft:time_since_rest":4433,"minecraft:damage_taken":5308,"minecraft:damage_absorbed":40,"minecraft:damage_dealt":20673,"minecraft:swim_one_cm":159329,"minecraft:fly_one_cm":1287848,"minecraft:open_chest":73,"minecraft:crouch_one_cm":54333,"minecraft:interact_with_smoker":51,"minecraft:fall_one_cm":187734},"minecraft:picked_up":{"minecraft:sentry_armor_trim_smithing_template":2,"minecraft:iron_chestplate":2,"minecraft:crafting_table":14,"minecraft:azure_bluet":2,"minecraft:ominous_bottle":2,"minecraft:lead":2,"minecraft:shield":2,"minecraft:cornflower":6,"minecraft:string":25,"minecraft:iron_axe":2,"minecraft:iron_leggings":2,"minecraft:iron_shovel":1,"minecraft:cobbled_deepslate":61,"minecraft:spruce_planks":52,"minecraft:beef":86,"minecraft:azalea":2,"minecraft:oak_boat":4,"minecraft:iron_nugget":23,"minecraft:poppy":2,"minecraft:iron_pickaxe":1,"minecraft:sugar_cane":69,"minecraft:chest":2,"minecraft:birch_sapling":3,"minecraft:furnace":9,"minecraft:iron_boots":2,"minecraft:egg":7,"minecraft:stick":89,"minecraft:raw_iron":150,"minecraft:oak_fence":19,"minecraft:big_dripleaf":1,"minecraft:torch":216,"minecraft:spruce_stairs":1,"minecraft:fire_charge":1,"minecraft:porkchop":52,"minecraft:cherry_log":123,"minecraft:carrot":59,"minecraft:arrow":58,"minecraft:rotten_flesh":32,"minecraft:hay_block":42,"minecraft:glow_berries":72,"minecraft:obsidian":29,"minecraft:mutton":99,"minecraft:rail":3,"minecraft:white_wool":26,"minecraft:cobblestone":222,"minecraft:oxeye_daisy":3,"minecraft:birch_log":77,"minecraft:enchanting_table":1,"minecraft:pink_petals":8,"minecraft:cooked_beef":27,"minecraft:water_bucket":2,"minecraft:salmon":1,"minecraft:brown_wool":1,"minecraft:cut_sandstone":1,"minecraft:leather":46,"minecraft:smoker":6,"minecraft:potato":78,"minecraft:birch_planks":2,"minecraft:tuff":4,"minecraft:oak_log":278,"minecraft:gunpowder":10,"minecraft:lapis_lazuli":77,"minecraft:dirt":736,"minecraft:bone":39,"minecraft:apple":15,"minecraft:bow":6,"minecraft:wheat_seeds":38,"minecraft:raw_gold":87,"minecraft:iron_ingot":146,"minecraft:stone_pickaxe":1,"minecraft:bamboo":1,"minecraft:moss_block":3,"minecraft:iron_sword":2,"minecraft:oak_planks":14,"minecraft:birch_boat":3,"minecraft:axolotl_bucket":2,"minecraft:dandelion":17,"minecraft:sand":7,"minecraft:blast_furnace":3,"minecraft:white_bed":17,"minecraft:spruce_log":135,"minecraft:spruce_door":2,"minecraft:spider_eye":8,"minecraft:iron_hoe":1,"minecraft:diamond":59,"minecraft:stone_axe":1,"minecraft:iron_helmet":2,"minecraft:crossbow":2,"minecraft:granite":1,"minecraft:cherry_sapling":23,"minecraft:golden_apple":3,"minecraft:gray_wool":3,"minecraft:oak_leaves":106,"minecraft:bread":62,"minecraft:oak_sapling":31,"minecraft:black_wool":4,"minecraft:coal":336,"minecraft:diamond_pickaxe":3},"minecraft:dropped":{"minecraft:iron_ingot":52,"minecraft:bread":64,"minecraft:moss_block":3,"minecraft:birch_planks":4,"minecraft:wheat_seeds":23,"minecraft:cherry_log":11,"minecraft:lapis_lazuli":25,"minecraft:cooked_beef":2,"minecraft:crossbow":1,"minecraft:iron_helmet":1,"minecraft:glow_berries":1,"minecraft:rail":2,"minecraft:stick":8,"minecraft:dirt":5,"minecraft:gray_wool":1,"minecraft:wooden_axe":1,"minecraft:brown_wool":1,"minecraft:cut_sandstone":1,"minecraft:iron_leggings":1,"minecraft:axolotl_bucket":1,"minecraft:sand":3,"minecraft:iron_axe":1,"minecraft:string":1,"minecraft:pink_petals":4,"minecraft:fishing_rod":1,"minecraft:white_wool":15,"minecraft:dandelion":4,"minecraft:bone":7,"minecraft:stone_axe":1,"minecraft:cobbled_deepslate":17,"minecraft:tuff":2,"minecraft:birch_sapling":3,"minecraft:rotten_flesh":12,"minecraft:oak_planks":2,"minecraft:iron_boots":1,"minecraft:filled_map":1,"minecraft:big_dripleaf":1,"minecraft:shield":2,"minecraft:diamond_pickaxe":1,"minecraft:iron_chestplate":1,"minecraft:azalea":1,"minecraft:spider_eye":8,"minecraft:bamboo":1,"minecraft:arrow":15,"minecraft:bow":3,"minecraft:stone_pickaxe":1,"minecraft:wooden_pickaxe":1,"minecraft:egg":2,"minecraft:black_wool":2},"minecraft:killed":{"minecraft:cave_spider":1,"minecraft:spider":6,"minecraft:skeleton":18,"minecraft:drowned":4,"minecraft:pig":20,"minecraft:salmon":1,"minecraft:creeper":5,"minecraft:sheep":34,"minecraft:pillager":15,"minecraft:zombie":18,"minecraft:cow":31}},"DataVersion":3955}