{"stats":{"minecraft:crafted":{"minecraft:cooked_beef":11,"minecraft:oak_planks":44,"minecraft:cooked_porkchop":6,"minecraft:crafting_table":1,"minecraft:wooden_pickaxe":1,"minecraft:iron_helmet":2,"minecraft:iron_sword":1,"minecraft:furnace":3,"minecraft:bucket":1,"minecraft:stone_axe":1,"minecraft:cooked_mutton":8,"minecraft:air":0,"minecraft:oak_boat":1,"minecraft:iron_boots":2,"minecraft:iron_chestplate":2,"minecraft:shield":2,"minecraft:stick":36,"minecraft:iron_ingot":59,"minecraft:iron_pickaxe":1,"minecraft:stone_pickaxe":1,"minecraft:wooden_axe":1,"minecraft:iron_leggings":2,"minecraft:torch":80,"minecraft:smoker":1},"minecraft:mined":{"minecraft:tuff":2,"minecraft:dark_oak_leaves":1,"minecraft:deepslate_diamond_ore":10,"minecraft:smoker":4,"minecraft:crafting_table":9,"minecraft:torch":1,"minecraft:short_grass":7,"minecraft:grass_block":4,"minecraft:tall_grass":2,"minecraft:spruce_leaves":1,"minecraft:deepslate_gold_ore":7,"minecraft:oak_planks":1,"minecraft:diorite":1,"minecraft:wall_torch":2,"minecraft:spawner":1,"minecraft:furnace":4,"minecraft:birch_log":41,"minecraft:iron_ore":46,"minecraft:spruce_log":4,"minecraft:birch_leaves":3,"minecraft:moss_carpet":1,"minecraft:deepslate_lapis_ore":3,"minecraft:oak_log":10,"minecraft:coal_ore":63,"minecraft:deepslate_iron_ore":14,"minecraft:dirt":1,"minecraft:cobweb":8,"minecraft:stone":88,"minecraft:oak_leaves":5,"minecraft:deepslate":24},"minecraft:used":{"minecraft:cooked_mutton":8,"minecraft:stone_pickaxe":131,"minecraft:wooden_pickaxe":11,"minecraft:shield":21,"minecraft:iron_sword":99,"minecraft:rotten_flesh":7,"minecraft:glow_berries":19,"minecraft:torch":57,"minecraft:dirt":5,"minecraft:crafting_table":9,"minecraft:smoker":4,"minecraft:wooden_axe":8,"minecraft:black_wool":1,"minecraft:apple":2,"minecraft:iron_pickaxe":126,"minecraft:iron_helmet":1,"minecraft:stone_axe":84,"minecraft:cobblestone":37,"minecraft:oak_sapling":1,"minecraft:furnace":4,"minecraft:cooked_porkchop":6,"minecraft:birch_log":2,"minecraft:oak_boat":1,"minecraft:cooked_beef":9,"minecraft:cobbled_deepslate":18},"minecraft:broken":{"minecraft:stone_pickaxe":1},"minecraft:dropped":{"minecraft:cooked_beef":2,"minecraft:iron_helmet":1,"minecraft:iron_boots":1,"minecraft:shield":1,"minecraft:iron_chestplate":1,"minecraft:wooden_axe":1,"minecraft:iron_leggings":1,"minecraft:wooden_pickaxe":1,"minecraft:stone_pickaxe":1},"minecraft:custom":{"minecraft:interact_with_furnace":56,"minecraft:mob_kills":53,"minecraft:interact_with_crafting_table":23,"minecraft:leave_game":6,"minecraft:time_since_death":74776,"minecraft:climb_one_cm":339,"minecraft:time_since_rest":74776,"minecraft:sprint_one_cm":268316,"minecraft:damage_taken":2031,"minecraft:walk_one_cm":122723,"minecraft:damage_blocked_by_shield":1364,"minecraft:drop":10,"minecraft:damage_dealt":7738,"minecraft:swim_one_cm":13920,"minecraft:fly_one_cm":298854,"minecraft:crouch_one_cm":21031,"minecraft:play_time":74776,"minecraft:sneak_time":6246,"minecraft:walk_under_water_one_cm":6365,"minecraft:boat_one_cm":27840,"minecraft:jump":2013,"minecraft:walk_on_water_one_cm":3101,"minecraft:fall_one_cm":57452,"minecraft:total_world_time":74776,"minecraft:interact_with_smoker":20},"minecraft:picked_up":{"minecraft:birch_log":41,"minecraft:crafting_table":9,"minecraft:salmon":1,"minecraft:brown_wool":1,"minecraft:leather":5,"minecraft:smoker":4,"minecraft:tuff":2,"minecraft:oak_log":11,"minecraft:dirt":5,"minecraft:lapis_lazuli":26,"minecraft:string":11,"minecraft:bone":14,"minecraft:apple":2,"minecraft:bow":1,"minecraft:wheat_seeds":2,"minecraft:cobbled_deepslate":26,"minecraft:raw_gold":7,"minecraft:beef":8,"minecraft:stone_pickaxe":1,"minecraft:birch_sapling":1,"minecraft:oak_planks":1,"minecraft:furnace":4,"minecraft:stick":3,"minecraft:raw_iron":108,"minecraft:torch":3,"minecraft:porkchop":6,"minecraft:spruce_log":4,"minecraft:spider_eye":2,"minecraft:arrow":13,"minecraft:rotten_flesh":14,"minecraft:diamond":11,"minecraft:gray_wool":2,"minecraft:oak_sapling":1,"minecraft:black_wool":2,"minecraft:glow_berries":28,"minecraft:mutton":17,"minecraft:coal":184,"minecraft:white_wool":4,"minecraft:rail":1,"minecraft:cobblestone":84},"minecraft:killed":{"minecraft:cave_spider":1,"minecraft:pig":3,"minecraft:salmon":1,"minecraft:spider":4,"minecraft:creeper":1,"minecraft:skeleton":12,"minecraft:sheep":10,"minecraft:zombie":14,"minecraft:cow":3}},"DataVersion":3955}