{"stats":{"minecraft:dropped":{"minecraft:moss_block":3,"minecraft:birch_planks":4,"minecraft:lapis_lazuli":25,"minecraft:cooked_beef":3,"minecraft:cooked_porkchop":28,"minecraft:crossbow":2,"minecraft:glow_berries":1,"minecraft:rail":2,"minecraft:dirt":5,"minecraft:cornflower":1,"minecraft:cut_sandstone":1,"minecraft:axolotl_bucket":1,"minecraft:sand":3,"minecraft:iron_pickaxe":1,"minecraft:fishing_rod":1,"minecraft:white_wool":15,"minecraft:bone":7,"minecraft:stone_axe":1,"minecraft:cobbled_deepslate":17,"minecraft:birch_sapling":3,"minecraft:rotten_flesh":19,"minecraft:oak_planks":2,"minecraft:azalea":1,"minecraft:iron_bars":1,"minecraft:arrow":15,"minecraft:egg":2,"minecraft:iron_ingot":52,"minecraft:bread":64,"minecraft:wheat_seeds":28,"minecraft:cherry_log":11,"minecraft:poisonous_potato":2,"minecraft:iron_helmet":1,"minecraft:stick":8,"minecraft:oxeye_daisy":3,"minecraft:gray_wool":1,"minecraft:wooden_axe":1,"minecraft:brown_wool":1,"minecraft:iron_leggings":1,"minecraft:iron_axe":1,"minecraft:iron_shovel":1,"minecraft:string":1,"minecraft:pink_petals":4,"minecraft:dandelion":4,"minecraft:tuff":2,"minecraft:raw_iron":182,"minecraft:iron_boots":2,"minecraft:filled_map":1,"minecraft:big_dripleaf":1,"minecraft:shield":2,"minecraft:iron_chestplate":1,"minecraft:diamond_pickaxe":1,"minecraft:spider_eye":8,"minecraft:bamboo":1,"minecraft:bow":3,"minecraft:stone_pickaxe":1,"minecraft:wooden_pickaxe":1,"minecraft:black_wool":2},"minecraft:broken":{"minecraft:iron_shovel":1,"minecraft:stone_pickaxe":1,"minecraft:golden_sword":1,"minecraft:iron_sword":1,"minecraft:iron_hoe":1,"minecraft:iron_axe":2,"minecraft:iron_helmet":1},"minecraft:used":{"minecraft:cherry_sapling":23,"minecraft:iron_shovel":934,"minecraft:spruce_slab":134,"minecraft:poppy":2,"minecraft:chest":56,"minecraft:shield":22,"minecraft:stone":5,"minecraft:iron_sword":452,"minecraft:rotten_flesh":7,"minecraft:carrot":192,"minecraft:tuff":2,"minecraft:axolotl_bucket":5,"minecraft:obsidian":24,"minecraft:iron_helmet":3,"minecraft:stone_bricks":65,"minecraft:golden_sword":32,"minecraft:bow":5,"minecraft:oak_sapling":39,"minecraft:furnace":11,"minecraft:egg":4,"minecraft:potato":220,"minecraft:diorite":2,"minecraft:spruce_door":1,"minecraft:oak_planks":177,"minecraft:stone_pickaxe":131,"minecraft:wooden_pickaxe":11,"minecraft:sugar_cane":97,"minecraft:blue_bed":2,"minecraft:oak_leaves":66,"minecraft:golden_apple":1,"minecraft:glow_berries":76,"minecraft:sand":6,"minecraft:blast_furnace":6,"minecraft:shears":106,"minecraft:birch_fence":34,"minecraft:creeper_spawn_egg":1,"minecraft:fire_charge":1,"minecraft:andesite":4,"minecraft:birch_log":2,"minecraft:oak_boat":5,"minecraft:experience_bottle":2,"minecraft:oak_fence":60,"minecraft:oak_trapdoor":3,"minecraft:enchanting_table":5,"minecraft:spruce_planks":238,"minecraft:cooked_salmon":1,"minecraft:oak_door":5,"minecraft:torch":359,"minecraft:dirt":782,"minecraft:spruce_stairs":170,"minecraft:granite":2,"minecraft:oak_fence_gate":2,"minecraft:birch_door":4,"minecraft:iron_hoe":442,"minecraft:wooden_axe":8,"minecraft:bookshelf":13,"minecraft:iron_axe":667,"minecraft:goat_horn":3,"minecraft:cooked_beef":63,"minecraft:cobbled_deepslate":71,"minecraft:cherry_log":2,"minecraft:pointed_dripstone":23,"minecraft:iron_leggings":1,"minecraft:calcite":74,"minecraft:wheat_seeds":24,"minecraft:cooked_mutton":35,"minecraft:water_bucket":206,"minecraft:cobblestone_stairs":10,"minecraft:birch_planks":2,"minecraft:baked_potato":6,"minecraft:birch_boat":4,"minecraft:crafting_table":32,"minecraft:red_bed":2,"minecraft:white_bed":17,"minecraft:spruce_log":82,"minecraft:smoker":9,"minecraft:oak_log":45,"minecraft:black_wool":1,"minecraft:cornflower":1,"minecraft:diamond_pickaxe":855,"minecraft:apple":2,"minecraft:oxeye_daisy":2,"minecraft:iron_pickaxe":390,"minecraft:spruce_sapling":16,"minecraft:stone_axe":88,"minecraft:potion":1,"minecraft:cobblestone":207,"minecraft:cooked_porkchop":6,"minecraft:bucket":214,"minecraft:glass_pane":13,"minecraft:dandelion":3,"minecraft:gray_wool":2},"minecraft:killed_by":{"minecraft:creeper":2,"minecraft:drowned":1,"minecraft:zombie":1,"minecraft:warden":1,"minecraft:skeleton":2},"minecraft:crafted":{"minecraft:oak_planks":620,"minecraft:smooth_stone":13,"minecraft:birch_boat":2,"minecraft:stone":82,"minecraft:cobblestone_stairs":12,"minecraft:bookshelf":13,"minecraft:cooked_mutton":49,"minecraft:glass":17,"minecraft:iron_boots":4,"minecraft:chest":46,"minecraft:birch_door":6,"minecraft:stone_bricks":64,"minecraft:oak_fence":69,"minecraft:smoker":2,"minecraft:cooked_porkchop":34,"minecraft:crafting_table":19,"minecraft:spruce_planks":528,"minecraft:baked_potato":71,"minecraft:wooden_pickaxe":1,"minecraft:iron_helmet":3,"minecraft:birch_planks":272,"minecraft:iron_chestplate":3,"minecraft:book":21,"minecraft:paper":63,"minecraft:diamond_pickaxe":1,"minecraft:shield":2,"minecraft:birch_fence":48,"minecraft:stick":220,"minecraft:iron_ingot":172,"minecraft:iron_pickaxe":2,"minecraft:shears":1,"minecraft:cherry_planks":300,"minecraft:oak_door":3,"minecraft:furnace":6,"minecraft:blast_furnace":2,"minecraft:oak_trapdoor":4,"minecraft:glass_pane":32,"minecraft:spruce_stairs":156,"minecraft:iron_axe":3,"minecraft:iron_hoe":2,"minecraft:spruce_slab":144,"minecraft:stone_pickaxe":1,"minecraft:wheat":603,"minecraft:cooked_beef":67,"minecraft:red_dye":1,"minecraft:enchanting_table":1,"minecraft:iron_sword":2,"minecraft:red_bed":1,"minecraft:blue_bed":1,"minecraft:cooked_salmon":0,"minecraft:bucket":3,"minecraft:stone_axe":1,"minecraft:bread":126,"minecraft:air":0,"minecraft:blue_dye":2,"minecraft:oak_boat":1,"minecraft:oak_fence_gate":2,"minecraft:wooden_axe":1,"minecraft:iron_shovel":2,"minecraft:iron_leggings":4,"minecraft:white_bed":4,"minecraft:torch":192},"minecraft:picked_up":{"minecraft:iron_chestplate":9,"minecraft:wheat":192,"minecraft:sentry_armor_trim_smithing_template":2,"minecraft:lead":13,"minecraft:amethyst_block":64,"minecraft:string":25,"minecraft:raw_copper":20,"minecraft:iron_leggings":7,"minecraft:cobbled_deepslate":104,"minecraft:spruce_planks":80,"minecraft:calcite":32,"minecraft:azalea":2,"minecraft:iron_pickaxe":4,"minecraft:furnace":10,"minecraft:iron_boots":8,"minecraft:stick":236,"minecraft:big_dripleaf":1,"minecraft:oak_fence":19,"minecraft:torch":336,"minecraft:spruce_stairs":29,"minecraft:porkchop":54,"minecraft:cherry_log":123,"minecraft:pointed_dripstone":65,"minecraft:diorite":2,"minecraft:rotten_flesh":65,"minecraft:obsidian":45,"minecraft:iron_bars":2,"minecraft:cobblestone":977,"minecraft:birch_log":77,"minecraft:enchanting_table":5,"minecraft:pink_petals":8,"minecraft:cooked_beef":44,"minecraft:water_bucket":6,"minecraft:andesite":16,"minecraft:brown_wool":1,"minecraft:smoker":7,"minecraft:potato":386,"minecraft:flint":2,"minecraft:tuff":8,"minecraft:lapis_lazuli":408,"minecraft:dirt":1274,"minecraft:glass":15,"minecraft:bone":49,"minecraft:bow":6,"minecraft:wheat_seeds":49,"minecraft:raw_gold":193,"minecraft:bamboo":1,"minecraft:moss_block":3,"minecraft:oak_planks":67,"minecraft:mossy_stone_brick_stairs":1,"minecraft:cooked_porkchop":28,"minecraft:axolotl_bucket":2,"minecraft:poisonous_potato":3,"minecraft:sand":89,"minecraft:iron_hoe":5,"minecraft:diamond":132,"minecraft:crossbow":3,"minecraft:granite":3,"minecraft:golden_apple":3,"minecraft:bread":62,"minecraft:oak_sapling":41,"minecraft:oak_leaves":106,"minecraft:diamond_pickaxe":9,"minecraft:crafting_table":18,"minecraft:azure_bluet":2,"minecraft:ominous_bottle":2,"minecraft:shield":2,"minecraft:cornflower":6,"minecraft:oak_trapdoor":1,"minecraft:red_bed":1,"minecraft:iron_axe":6,"minecraft:flint_and_steel":1,"minecraft:iron_shovel":5,"minecraft:birch_fence":1,"minecraft:beef":95,"minecraft:oak_boat":4,"minecraft:iron_nugget":23,"minecraft:poppy":3,"minecraft:spruce_slab":11,"minecraft:sugar_cane":179,"minecraft:chest":10,"minecraft:birch_sapling":3,"minecraft:egg":8,"minecraft:raw_iron":832,"minecraft:oak_door":6,"minecraft:fire_charge":1,"minecraft:carrot":411,"minecraft:redstone":56,"minecraft:arrow":73,"minecraft:stone_shovel":4,"minecraft:hay_block":42,"minecraft:glow_berries":72,"minecraft:mutton":99,"minecraft:rail":3,"minecraft:white_wool":26,"minecraft:oxeye_daisy":4,"minecraft:glow_ink_sac":3,"minecraft:salmon":1,"minecraft:cut_sandstone":1,"minecraft:leather":74,"minecraft:birch_planks":2,"minecraft:oak_log":453,"minecraft:gunpowder":15,"minecraft:cobblestone_stairs":1,"minecraft:blue_bed":1,"minecraft:cooked_mutton":93,"minecraft:apple":16,"minecraft:stone_bricks":5,"minecraft:iron_ingot":150,"minecraft:stone_pickaxe":1,"minecraft:iron_sword":6,"minecraft:book":35,"minecraft:sculk_catalyst":1,"minecraft:smooth_basalt":20,"minecraft:birch_boat":3,"minecraft:stone_brick_slab":2,"minecraft:dandelion":20,"minecraft:gravel":2,"minecraft:amethyst_shard":8,"minecraft:spruce_sapling":16,"minecraft:blast_furnace":5,"minecraft:white_bed":17,"minecraft:spruce_log":274,"minecraft:spruce_door":2,"minecraft:spider_eye":8,"minecraft:stone_axe":1,"minecraft:iron_helmet":6,"minecraft:cherry_sapling":23,"minecraft:gray_wool":3,"minecraft:baked_potato":71,"minecraft:black_wool":4,"minecraft:coal":531},"minecraft:mined":{"minecraft:spruce_planks":66,"minecraft:white_bed":14,"minecraft:oak_sapling":4,"minecraft:farmland":1,"minecraft:cherry_log":33,"minecraft:cobblestone_stairs":1,"minecraft:sculk_vein":1,"minecraft:obsidian":27,"minecraft:granite":15,"minecraft:grass_block":651,"minecraft:oxeye_daisy":4,"minecraft:spawner":1,"minecraft:iron_ore":120,"minecraft:cobbled_deepslate":4,"minecraft:fire":3,"minecraft:moss_carpet":1,"minecraft:deepslate_lapis_ore":16,"minecraft:azure_bluet":1,"minecraft:enchanting_table":4,"minecraft:sculk_shrieker":2,"minecraft:pointed_dripstone":6,"minecraft:iron_bars":1,"minecraft:spruce_slab":9,"minecraft:deepslate_redstone_ore":1,"minecraft:cut_sandstone":6,"minecraft:red_bed":1,"minecraft:smoker":7,"minecraft:amethyst_cluster":1,"minecraft:torch":10,"minecraft:blast_furnace":4,"minecraft:calcite":21,"minecraft:poppy":3,"minecraft:chest":9,"minecraft:cobblestone":67,"minecraft:sugar_cane":113,"minecraft:oak_planks":58,"minecraft:wall_torch":15,"minecraft:amethyst_block":16,"minecraft:pink_petals":2,"minecraft:birch_log":41,"minecraft:oak_log":248,"minecraft:sand":67,"minecraft:dirt":241,"minecraft:smooth_basalt":9,"minecraft:oak_leaves":248,"minecraft:deepslate":82,"minecraft:diamond_ore":4,"minecraft:tuff":7,"minecraft:dark_oak_leaves":1,"minecraft:deepslate_diamond_ore":32,"minecraft:cherry_sapling":4,"minecraft:spruce_leaves":51,"minecraft:moss_block":3,"minecraft:large_fern":2,"minecraft:hay_block":45,"minecraft:redstone_ore":5,"minecraft:oak_trapdoor":1,"minecraft:spruce_sapling":3,"minecraft:furnace":9,"minecraft:carrots":146,"minecraft:chiseled_sandstone":1,"minecraft:andesite":4,"minecraft:mossy_stone_brick_stairs":1,"minecraft:bookshelf":5,"minecraft:potatoes":139,"minecraft:deepslate_iron_ore":102,"minecraft:stone":605,"minecraft:stone_brick_slab":2,"minecraft:spruce_door":2,"minecraft:dandelion":11,"minecraft:oak_fence":1,"minecraft:crafting_table":15,"minecraft:cornflower":4,"minecraft:short_grass":159,"minecraft:tall_grass":44,"minecraft:copper_ore":3,"minecraft:lapis_ore":11,"minecraft:deepslate_gold_ore":68,"minecraft:sculk":14,"minecraft:diorite":1,"minecraft:blue_bed":1,"minecraft:spruce_stairs":30,"minecraft:spruce_log":165,"minecraft:birch_leaves":3,"minecraft:bee_nest":1,"minecraft:coal_ore":103,"minecraft:cherry_leaves":2,"minecraft:gravel":9,"minecraft:dripstone_block":1,"minecraft:cobweb":8,"minecraft:stone_bricks":3,"minecraft:gold_ore":8,"minecraft:birch_fence":1,"minecraft:fern":7},"minecraft:custom":{"minecraft:animals_bred":23,"minecraft:interact_with_crafting_table":120,"minecraft:leave_game":10,"minecraft:time_since_death":21945,"minecraft:sprint_one_cm":1519907,"minecraft:damage_blocked_by_shield":1424,"minecraft:drop":129,"minecraft:play_time":534584,"minecraft:deaths":8,"minecraft:jump":11656,"minecraft:walk_on_water_one_cm":60335,"minecraft:enchant_item":2,"minecraft:interact_with_furnace":134,"minecraft:sleep_in_bed":28,"minecraft:damage_dealt":30108,"minecraft:crouch_one_cm":100873,"minecraft:interact_with_smoker":93,"minecraft:mob_kills":216,"minecraft:climb_one_cm":2558,"minecraft:walk_one_cm":1120157,"minecraft:sneak_time":29299,"minecraft:walk_under_water_one_cm":64620,"minecraft:boat_one_cm":528071,"minecraft:interact_with_blast_furnace":33,"minecraft:total_world_time":534584,"minecraft:time_since_rest":14402,"minecraft:damage_taken":9610,"minecraft:damage_absorbed":40,"minecraft:swim_one_cm":259745,"minecraft:fly_one_cm":2207135,"minecraft:open_chest":267,"minecraft:fall_one_cm":301019},"minecraft:killed":{"minecraft:cave_spider":1,"minecraft:spider":6,"minecraft:skeleton":22,"minecraft:pig":21,"minecraft:salmon":1,"minecraft:creeper":6,"minecraft:sheep":34,"minecraft:pillager":15,"minecraft:zombie":37,"minecraft:cow":49,"minecraft:horse":13,"minecraft:drowned":5}},"DataVersion":3955}