{"stats":{"minecraft:used":{"minecraft:cherry_sapling":23,"minecraft:iron_shovel":812,"minecraft:spruce_slab":134,"minecraft:poppy":1,"minecraft:chest":9,"minecraft:shield":22,"minecraft:stone":5,"minecraft:iron_sword":367,"minecraft:rotten_flesh":7,"minecraft:carrot":92,"minecraft:tuff":2,"minecraft:axolotl_bucket":5,"minecraft:iron_helmet":2,"minecraft:stone_bricks":56,"minecraft:bow":5,"minecraft:furnace":11,"minecraft:oak_sapling":29,"minecraft:egg":3,"minecraft:potato":151,"minecraft:spruce_door":1,"minecraft:oak_planks":174,"minecraft:stone_pickaxe":131,"minecraft:wooden_pickaxe":11,"minecraft:sugar_cane":12,"minecraft:blue_bed":2,"minecraft:oak_leaves":37,"minecraft:golden_apple":1,"minecraft:glow_berries":76,"minecraft:sand":6,"minecraft:blast_furnace":6,"minecraft:shears":106,"minecraft:birch_fence":34,"minecraft:birch_log":2,"minecraft:oak_boat":5,"minecraft:experience_bottle":2,"minecraft:oak_trapdoor":3,"minecraft:oak_fence":60,"minecraft:enchanting_table":2,"minecraft:spruce_planks":70,"minecraft:cooked_salmon":1,"minecraft:torch":271,"minecraft:dirt":655,"minecraft:spruce_stairs":170,"minecraft:oak_fence_gate":2,"minecraft:birch_door":4,"minecraft:iron_hoe":323,"minecraft:wooden_axe":8,"minecraft:bookshelf":5,"minecraft:iron_axe":380,"minecraft:goat_horn":3,"minecraft:cooked_beef":52,"minecraft:cobbled_deepslate":30,"minecraft:cherry_log":2,"minecraft:cooked_mutton":8,"minecraft:water_bucket":136,"minecraft:cobblestone_stairs":10,"minecraft:birch_planks":2,"minecraft:birch_boat":4,"minecraft:crafting_table":20,"minecraft:red_bed":2,"minecraft:white_bed":17,"minecraft:spruce_log":18,"minecraft:smoker":9,"minecraft:oak_log":45,"minecraft:black_wool":1,"minecraft:cornflower":1,"minecraft:diamond_pickaxe":494,"minecraft:apple":2,"minecraft:oxeye_daisy":1,"minecraft:iron_pickaxe":171,"minecraft:spruce_sapling":8,"minecraft:stone_axe":88,"minecraft:potion":1,"minecraft:cobblestone":150,"minecraft:cooked_porkchop":6,"minecraft:bucket":144,"minecraft:glass_pane":13,"minecraft:gray_wool":2},"minecraft:dropped":{"minecraft:moss_block":3,"minecraft:birch_planks":4,"minecraft:lapis_lazuli":25,"minecraft:cooked_beef":2,"minecraft:cooked_porkchop":28,"minecraft:crossbow":2,"minecraft:glow_berries":1,"minecraft:rail":2,"minecraft:dirt":5,"minecraft:cornflower":1,"minecraft:cut_sandstone":1,"minecraft:axolotl_bucket":1,"minecraft:sand":3,"minecraft:fishing_rod":1,"minecraft:white_wool":15,"minecraft:bone":7,"minecraft:stone_axe":1,"minecraft:cobbled_deepslate":17,"minecraft:birch_sapling":3,"minecraft:rotten_flesh":12,"minecraft:oak_planks":2,"minecraft:azalea":1,"minecraft:iron_bars":1,"minecraft:arrow":15,"minecraft:egg":2,"minecraft:iron_ingot":52,"minecraft:bread":64,"minecraft:wheat_seeds":24,"minecraft:cherry_log":11,"minecraft:poisonous_potato":2,"minecraft:iron_helmet":1,"minecraft:stick":8,"minecraft:oxeye_daisy":3,"minecraft:gray_wool":1,"minecraft:wooden_axe":1,"minecraft:brown_wool":1,"minecraft:iron_leggings":1,"minecraft:iron_axe":1,"minecraft:string":1,"minecraft:pink_petals":4,"minecraft:dandelion":4,"minecraft:tuff":2,"minecraft:iron_boots":1,"minecraft:filled_map":1,"minecraft:big_dripleaf":1,"minecraft:shield":2,"minecraft:iron_chestplate":1,"minecraft:diamond_pickaxe":1,"minecraft:spider_eye":8,"minecraft:bamboo":1,"minecraft:bow":3,"minecraft:stone_pickaxe":1,"minecraft:wooden_pickaxe":1,"minecraft:black_wool":2},"minecraft:broken":{"minecraft:iron_shovel":1,"minecraft:stone_pickaxe":1,"minecraft:iron_sword":1,"minecraft:iron_hoe":1,"minecraft:iron_axe":1},"minecraft:killed":{"minecraft:cave_spider":1,"minecraft:spider":6,"minecraft:skeleton":19,"minecraft:pig":21,"minecraft:salmon":1,"minecraft:creeper":5,"minecraft:sheep":34,"minecraft:pillager":15,"minecraft:zombie":18,"minecraft:cow":31,"minecraft:drowned":4},"minecraft:killed_by":{"minecraft:creeper":1,"minecraft:drowned":1},"minecraft:custom":{"minecraft:interact_with_crafting_table":100,"minecraft:leave_game":9,"minecraft:time_since_death":111944,"minecraft:sprint_one_cm":1006825,"minecraft:damage_blocked_by_shield":1424,"minecraft:drop":115,"minecraft:play_time":374601,"minecraft:deaths":2,"minecraft:jump":8090,"minecraft:walk_on_water_one_cm":46415,"minecraft:enchant_item":2,"minecraft:interact_with_furnace":121,"minecraft:sleep_in_bed":22,"minecraft:damage_dealt":21107,"minecraft:crouch_one_cm":66147,"minecraft:interact_with_smoker":73,"minecraft:mob_kills":160,"minecraft:climb_one_cm":2558,"minecraft:walk_one_cm":757520,"minecraft:sneak_time":18297,"minecraft:walk_under_water_one_cm":53984,"minecraft:boat_one_cm":528071,"minecraft:interact_with_blast_furnace":24,"minecraft:total_world_time":374601,"minecraft:time_since_rest":11559,"minecraft:damage_taken":5764,"minecraft:damage_absorbed":40,"minecraft:swim_one_cm":189959,"minecraft:fly_one_cm":1470122,"minecraft:open_chest":120,"minecraft:fall_one_cm":212414},"minecraft:crafted":{"minecraft:oak_planks":424,"minecraft:smooth_stone":13,"minecraft:birch_boat":2,"minecraft:cobblestone_stairs":12,"minecraft:stone":76,"minecraft:bookshelf":5,"minecraft:cooked_mutton":8,"minecraft:glass":17,"minecraft:iron_boots":2,"minecraft:chest":5,"minecraft:birch_door":6,"minecraft:stone_bricks":56,"minecraft:oak_fence":69,"minecraft:smoker":2,"minecraft:cooked_porkchop":34,"minecraft:crafting_table":7,"minecraft:spruce_planks":352,"minecraft:baked_potato":71,"minecraft:wooden_pickaxe":1,"minecraft:iron_helmet":2,"minecraft:birch_planks":124,"minecraft:iron_chestplate":2,"minecraft:book":17,"minecraft:paper":51,"minecraft:diamond_pickaxe":1,"minecraft:shield":2,"minecraft:birch_fence":48,"minecraft:stick":168,"minecraft:iron_ingot":172,"minecraft:iron_pickaxe":1,"minecraft:shears":1,"minecraft:furnace":6,"minecraft:blast_furnace":2,"minecraft:oak_trapdoor":4,"minecraft:glass_pane":32,"minecraft:spruce_stairs":156,"minecraft:iron_axe":2,"minecraft:spruce_slab":144,"minecraft:iron_hoe":2,"minecraft:stone_pickaxe":1,"minecraft:wheat":378,"minecraft:cooked_beef":67,"minecraft:red_dye":1,"minecraft:enchanting_table":1,"minecraft:iron_sword":2,"minecraft:red_bed":1,"minecraft:blue_bed":1,"minecraft:cooked_salmon":0,"minecraft:bucket":3,"minecraft:stone_axe":1,"minecraft:bread":126,"minecraft:air":0,"minecraft:blue_dye":2,"minecraft:oak_boat":1,"minecraft:oak_fence_gate":2,"minecraft:wooden_axe":1,"minecraft:iron_shovel":2,"minecraft:iron_leggings":2,"minecraft:white_bed":4,"minecraft:torch":108},"minecraft:mined":{"minecraft:spruce_planks":37,"minecraft:white_bed":14,"minecraft:oak_sapling":2,"minecraft:farmland":1,"minecraft:cobblestone_stairs":1,"minecraft:cherry_log":33,"minecraft:obsidian":15,"minecraft:granite":12,"minecraft:grass_block":601,"minecraft:oxeye_daisy":3,"minecraft:spawner":1,"minecraft:iron_ore":50,"minecraft:cobbled_deepslate":4,"minecraft:fire":2,"minecraft:moss_carpet":1,"minecraft:deepslate_lapis_ore":3,"minecraft:azure_bluet":1,"minecraft:enchanting_table":2,"minecraft:iron_bars":1,"minecraft:spruce_slab":9,"minecraft:cut_sandstone":6,"minecraft:red_bed":1,"minecraft:smoker":7,"minecraft:torch":6,"minecraft:blast_furnace":4,"minecraft:poppy":2,"minecraft:chest":4,"minecraft:cobblestone":64,"minecraft:sugar_cane":32,"minecraft:oak_planks":32,"minecraft:wall_torch":10,"minecraft:pink_petals":2,"minecraft:birch_log":41,"minecraft:oak_log":136,"minecraft:sand":67,"minecraft:dirt":162,"minecraft:oak_leaves":197,"minecraft:deepslate":42,"minecraft:tuff":4,"minecraft:dark_oak_leaves":1,"minecraft:deepslate_diamond_ore":17,"minecraft:cherry_sapling":4,"minecraft:spruce_leaves":13,"minecraft:moss_block":3,"minecraft:large_fern":2,"minecraft:hay_block":45,"minecraft:oak_trapdoor":1,"minecraft:furnace":9,"minecraft:carrots":47,"minecraft:chiseled_sandstone":1,"minecraft:mossy_stone_brick_stairs":1,"minecraft:bookshelf":5,"minecraft:potatoes":46,"minecraft:deepslate_iron_ore":40,"minecraft:stone":427,"minecraft:stone_brick_slab":2,"minecraft:spruce_door":2,"minecraft:dandelion":8,"minecraft:oak_fence":1,"minecraft:crafting_table":15,"minecraft:cornflower":4,"minecraft:short_grass":130,"minecraft:tall_grass":14,"minecraft:copper_ore":2,"minecraft:deepslate_gold_ore":16,"minecraft:diorite":1,"minecraft:blue_bed":1,"minecraft:spruce_stairs":30,"minecraft:spruce_log":92,"minecraft:birch_leaves":3,"minecraft:bee_nest":1,"minecraft:coal_ore":63,"minecraft:cherry_leaves":2,"minecraft:gravel":9,"minecraft:cobweb":8,"minecraft:gold_ore":4,"minecraft:birch_fence":1,"minecraft:fern":7},"minecraft:picked_up":{"minecraft:iron_chestplate":2,"minecraft:sentry_armor_trim_smithing_template":2,"minecraft:lead":2,"minecraft:string":25,"minecraft:raw_copper":6,"minecraft:iron_leggings":2,"minecraft:cobbled_deepslate":61,"minecraft:spruce_planks":52,"minecraft:azalea":2,"minecraft:iron_pickaxe":1,"minecraft:furnace":10,"minecraft:iron_boots":2,"minecraft:stick":115,"minecraft:big_dripleaf":1,"minecraft:oak_fence":19,"minecraft:torch":220,"minecraft:spruce_stairs":29,"minecraft:porkchop":54,"minecraft:cherry_log":123,"minecraft:rotten_flesh":32,"minecraft:obsidian":33,"minecraft:iron_bars":2,"minecraft:cobblestone":518,"minecraft:birch_log":77,"minecraft:enchanting_table":2,"minecraft:pink_petals":8,"minecraft:cooked_beef":27,"minecraft:water_bucket":2,"minecraft:brown_wool":1,"minecraft:smoker":7,"minecraft:potato":164,"minecraft:flint":1,"minecraft:tuff":4,"minecraft:lapis_lazuli":77,"minecraft:dirt":862,"minecraft:bone":41,"minecraft:glass":15,"minecraft:bow":6,"minecraft:wheat_seeds":42,"minecraft:raw_gold":87,"minecraft:bamboo":1,"minecraft:moss_block":3,"minecraft:oak_planks":33,"minecraft:mossy_stone_brick_stairs":1,"minecraft:cooked_porkchop":28,"minecraft:axolotl_bucket":2,"minecraft:poisonous_potato":2,"minecraft:sand":89,"minecraft:iron_hoe":1,"minecraft:diamond":59,"minecraft:crossbow":3,"minecraft:granite":1,"minecraft:golden_apple":3,"minecraft:bread":62,"minecraft:oak_sapling":31,"minecraft:diamond_pickaxe":3,"minecraft:oak_leaves":106,"minecraft:crafting_table":16,"minecraft:azure_bluet":2,"minecraft:ominous_bottle":2,"minecraft:shield":2,"minecraft:cornflower":6,"minecraft:oak_trapdoor":1,"minecraft:red_bed":1,"minecraft:iron_axe":2,"minecraft:iron_shovel":1,"minecraft:birch_fence":1,"minecraft:beef":86,"minecraft:oak_boat":4,"minecraft:iron_nugget":23,"minecraft:poppy":2,"minecraft:spruce_slab":11,"minecraft:sugar_cane":81,"minecraft:chest":4,"minecraft:birch_sapling":3,"minecraft:egg":7,"minecraft:raw_iron":150,"minecraft:fire_charge":1,"minecraft:carrot":152,"minecraft:arrow":59,"minecraft:hay_block":42,"minecraft:glow_berries":72,"minecraft:mutton":99,"minecraft:white_wool":26,"minecraft:rail":3,"minecraft:oxeye_daisy":3,"minecraft:salmon":1,"minecraft:cut_sandstone":1,"minecraft:leather":46,"minecraft:birch_planks":2,"minecraft:oak_log":278,"minecraft:gunpowder":10,"minecraft:cobblestone_stairs":1,"minecraft:blue_bed":1,"minecraft:apple":15,"minecraft:iron_ingot":146,"minecraft:stone_pickaxe":1,"minecraft:iron_sword":2,"minecraft:book":15,"minecraft:birch_boat":3,"minecraft:stone_brick_slab":2,"minecraft:dandelion":17,"minecraft:gravel":1,"minecraft:spruce_sapling":8,"minecraft:blast_furnace":5,"minecraft:white_bed":17,"minecraft:spruce_log":201,"minecraft:spruce_door":2,"minecraft:spider_eye":8,"minecraft:stone_axe":1,"minecraft:iron_helmet":2,"minecraft:cherry_sapling":23,"minecraft:gray_wool":3,"minecraft:black_wool":4,"minecraft:coal":415}},"DataVersion":3955}