{"stats":{"minecraft:killed_by":{"minecraft:creeper":1,"minecraft:drowned":1},"minecraft:crafted":{"minecraft:cooked_beef":35,"minecraft:oak_planks":40,"minecraft:cooked_porkchop":19,"minecraft:crafting_table":1,"minecraft:iron_sword":1,"minecraft:stone_axe":1,"minecraft:cooked_mutton":19,"minecraft:air":0,"minecraft:stick":32,"minecraft:iron_ingot":6,"minecraft:iron_pickaxe":1,"minecraft:stone_pickaxe":1,"minecraft:chest":1,"minecraft:torch":100},"minecraft:mined":{"minecraft:tuff":1,"minecraft:dark_oak_leaves":3,"minecraft:deepslate_diamond_ore":11,"minecraft:smoker":3,"minecraft:cave_vines_plant":15,"minecraft:dark_oak_fence":6,"minecraft:granite":2,"minecraft:short_grass":40,"minecraft:grass_block":2,"minecraft:tall_grass":16,"minecraft:cobblestone":1,"minecraft:deepslate_coal_ore":6,"minecraft:lapis_ore":2,"minecraft:deepslate_gold_ore":27,"minecraft:moss_block":2,"minecraft:big_dripleaf":1,"minecraft:birch_log":36,"minecraft:iron_ore":54,"minecraft:birch_leaves":3,"minecraft:deepslate_lapis_ore":9,"minecraft:vine":1,"minecraft:oak_log":10,"minecraft:coal_ore":108,"minecraft:cave_vines":21,"minecraft:deepslate_iron_ore":35,"minecraft:gravel":1,"minecraft:dirt":4,"minecraft:bamboo":2,"minecraft:azalea":1,"minecraft:small_dripleaf":1,"minecraft:stone":41,"minecraft:oak_leaves":5,"minecraft:deepslate":18},"minecraft:used":{"minecraft:moss_block":2,"minecraft:cooked_mutton":19,"minecraft:diorite":1,"minecraft:stone_pickaxe":127,"minecraft:chest":1,"minecraft:wooden_pickaxe":48,"minecraft:shield":9,"minecraft:iron_sword":157,"minecraft:torch":103,"minecraft:glow_berries":20,"minecraft:dirt":12,"minecraft:crafting_table":1,"minecraft:tuff":1,"minecraft:granite":2,"minecraft:axolotl_bucket":1,"minecraft:smoker":3,"minecraft:big_dripleaf":1,"minecraft:wooden_axe":29,"minecraft:birch_sapling":1,"minecraft:iron_pickaxe":184,"minecraft:bamboo":5,"minecraft:stone_axe":49,"minecraft:bow":7,"minecraft:cobblestone":33,"minecraft:oak_sapling":1,"minecraft:bucket":1,"minecraft:oak_boat":3,"minecraft:cooked_beef":30,"minecraft:cobbled_deepslate":18,"minecraft:iron_leggings":1},"minecraft:broken":{"minecraft:stone_pickaxe":1,"minecraft:wooden_axe":1,"minecraft:wooden_pickaxe":1},"minecraft:custom":{"minecraft:interact_with_furnace":21,"minecraft:mob_kills":56,"minecraft:interact_with_crafting_table":18,"minecraft:leave_game":2,"minecraft:time_since_death":50738,"minecraft:sleep_in_bed":5,"minecraft:climb_one_cm":1692,"minecraft:time_since_rest":8372,"minecraft:sprint_one_cm":684186,"minecraft:damage_taken":4172,"minecraft:walk_one_cm":230642,"minecraft:damage_blocked_by_shield":487,"minecraft:drop":22,"minecraft:damage_dealt":8603,"minecraft:swim_one_cm":80706,"minecraft:fly_one_cm":727202,"minecraft:open_chest":11,"minecraft:crouch_one_cm":5714,"minecraft:play_time":174937,"minecraft:deaths":2,"minecraft:sneak_time":2462,"minecraft:walk_under_water_one_cm":9598,"minecraft:boat_one_cm":579709,"minecraft:jump":3782,"minecraft:interact_with_blast_furnace":7,"minecraft:walk_on_water_one_cm":36640,"minecraft:interact_with_smoker":45,"minecraft:total_world_time":174937,"minecraft:fall_one_cm":108238},"minecraft:dropped":{"minecraft:gravel":15,"minecraft:wheat_seeds":9,"minecraft:birch_sapling":1,"minecraft:rotten_flesh":3,"minecraft:cooked_mutton":11,"minecraft:rail":3,"minecraft:gunpowder":2,"minecraft:bamboo":30,"minecraft:spider_eye":4,"minecraft:bone":12,"minecraft:string":1},"minecraft:picked_up":{"minecraft:birch_log":72,"minecraft:crafting_table":1,"minecraft:iron_chestplate":2,"minecraft:cooked_beef":8,"minecraft:leather":25,"minecraft:smoker":4,"minecraft:wooden_pickaxe":2,"minecraft:tuff":1,"minecraft:oak_log":14,"minecraft:shield":2,"minecraft:gunpowder":2,"minecraft:lapis_lazuli":146,"minecraft:dirt":12,"minecraft:string":1,"minecraft:iron_leggings":2,"minecraft:cooked_mutton":11,"minecraft:bone":19,"minecraft:bow":2,"minecraft:wheat_seeds":11,"minecraft:iron_sword":1,"minecraft:cobbled_deepslate":23,"minecraft:raw_gold":54,"minecraft:iron_pickaxe":1,"minecraft:iron_ingot":4,"minecraft:bamboo":35,"minecraft:stone_pickaxe":1,"minecraft:beef":54,"minecraft:oak_boat":3,"minecraft:azalea":2,"minecraft:moss_block":2,"minecraft:birch_sapling":2,"minecraft:oak_planks":26,"minecraft:iron_boots":2,"minecraft:stick":8,"minecraft:raw_iron":143,"minecraft:big_dripleaf":1,"minecraft:torch":5,"minecraft:axolotl_bucket":2,"minecraft:gravel":29,"minecraft:porkchop":28,"minecraft:diorite":1,"minecraft:spider_eye":4,"minecraft:arrow":7,"minecraft:rotten_flesh":21,"minecraft:diamond":22,"minecraft:stone_axe":1,"minecraft:crossbow":1,"minecraft:golden_apple":1,"minecraft:iron_helmet":2,"minecraft:granite":2,"minecraft:oak_sapling":1,"minecraft:black_wool":2,"minecraft:rail":2,"minecraft:mutton":10,"minecraft:glow_berries":20,"minecraft:coal":362,"minecraft:white_wool":21,"minecraft:cobblestone":123,"minecraft:wooden_axe":2},"minecraft:killed":{"minecraft:cave_spider":2,"minecraft:pig":4,"minecraft:spider":2,"minecraft:creeper":2,"minecraft:skeleton":6,"minecraft:sheep":11,"minecraft:pillager":3,"minecraft:zombie":6,"minecraft:cow":19}},"DataVersion":3955}