{"stats":{"minecraft:killed_by":{"minecraft:creeper":1},"minecraft:crafted":{"minecraft:cooked_beef":9,"minecraft:oak_planks":24,"minecraft:crafting_table":1,"minecraft:iron_sword":1,"minecraft:stone_axe":1,"minecraft:cooked_mutton":18,"minecraft:air":0,"minecraft:stick":32,"minecraft:iron_ingot":6,"minecraft:iron_pickaxe":1,"minecraft:stone_pickaxe":1,"minecraft:torch":100},"minecraft:mined":{"minecraft:tuff":1,"minecraft:dark_oak_leaves":1,"minecraft:deepslate_diamond_ore":5,"minecraft:smoker":1,"minecraft:granite":2,"minecraft:short_grass":9,"minecraft:grass_block":2,"minecraft:tall_grass":2,"minecraft:cobblestone":1,"minecraft:birch_log":36,"minecraft:iron_ore":47,"minecraft:birch_leaves":2,"minecraft:oak_log":10,"minecraft:coal_ore":103,"minecraft:cave_vines":3,"minecraft:deepslate_iron_ore":19,"minecraft:dirt":4,"minecraft:stone":34,"minecraft:oak_leaves":4,"minecraft:deepslate":6},"minecraft:used":{"minecraft:cooked_mutton":16,"minecraft:diorite":1,"minecraft:stone_pickaxe":127,"minecraft:wooden_pickaxe":48,"minecraft:shield":5,"minecraft:iron_sword":54,"minecraft:torch":85,"minecraft:dirt":12,"minecraft:tuff":1,"minecraft:granite":2,"minecraft:smoker":1,"minecraft:wooden_axe":29,"minecraft:birch_sapling":1,"minecraft:iron_pickaxe":53,"minecraft:stone_axe":36,"minecraft:cobblestone":33,"minecraft:cooked_beef":11,"minecraft:cobbled_deepslate":6,"minecraft:iron_leggings":1},"minecraft:broken":{"minecraft:stone_pickaxe":1,"minecraft:wooden_axe":1,"minecraft:wooden_pickaxe":1},"minecraft:dropped":{"minecraft:wheat_seeds":1,"minecraft:rotten_flesh":3,"minecraft:cooked_mutton":11},"minecraft:custom":{"minecraft:interact_with_furnace":12,"minecraft:mob_kills":26,"minecraft:interact_with_crafting_table":11,"minecraft:leave_game":2,"minecraft:time_since_death":57093,"minecraft:climb_one_cm":64,"minecraft:time_since_rest":57178,"minecraft:sprint_one_cm":318040,"minecraft:damage_taken":2384,"minecraft:walk_one_cm":114667,"minecraft:damage_blocked_by_shield":232,"minecraft:drop":5,"minecraft:damage_dealt":4296,"minecraft:swim_one_cm":6525,"minecraft:fly_one_cm":254311,"minecraft:crouch_one_cm":5633,"minecraft:play_time":66937,"minecraft:deaths":1,"minecraft:sneak_time":2147,"minecraft:walk_under_water_one_cm":2308,"minecraft:boat_one_cm":28312,"minecraft:jump":1453,"minecraft:walk_on_water_one_cm":5474,"minecraft:interact_with_smoker":11,"minecraft:total_world_time":66937,"minecraft:fall_one_cm":46414},"minecraft:picked_up":{"minecraft:birch_log":36,"minecraft:iron_chestplate":1,"minecraft:cooked_beef":2,"minecraft:leather":6,"minecraft:smoker":1,"minecraft:wooden_pickaxe":2,"minecraft:tuff":1,"minecraft:oak_log":10,"minecraft:shield":1,"minecraft:gunpowder":2,"minecraft:dirt":12,"minecraft:string":1,"minecraft:iron_leggings":1,"minecraft:cooked_mutton":11,"minecraft:bone":6,"minecraft:bow":1,"minecraft:wheat_seeds":4,"minecraft:cobbled_deepslate":6,"minecraft:stone_pickaxe":1,"minecraft:beef":28,"minecraft:oak_boat":1,"minecraft:birch_sapling":1,"minecraft:oak_planks":22,"minecraft:iron_boots":1,"minecraft:stick":2,"minecraft:raw_iron":65,"minecraft:diorite":1,"minecraft:spider_eye":1,"minecraft:arrow":7,"minecraft:rotten_flesh":5,"minecraft:diamond":5,"minecraft:iron_helmet":1,"minecraft:granite":2,"minecraft:mutton":9,"minecraft:glow_berries":1,"minecraft:coal":187,"minecraft:white_wool":7,"minecraft:cobblestone":45,"minecraft:wooden_axe":2},"minecraft:killed":{"minecraft:cave_spider":2,"minecraft:spider":2,"minecraft:creeper":2,"minecraft:skeleton":5,"minecraft:sheep":5,"minecraft:zombie":5,"minecraft:cow":5}},"DataVersion":3955}