{"stats":{"minecraft:killed_by":{"minecraft:creeper":1,"minecraft:drowned":1},"minecraft:crafted":{"minecraft:oak_planks":40,"minecraft:stone_shovel":3,"minecraft:cooked_mutton":19,"minecraft:stone_pickaxe":1,"minecraft:chest":1,"minecraft:cooked_beef":35,"minecraft:cooked_porkchop":19,"minecraft:crafting_table":1,"minecraft:iron_sword":1,"minecraft:birch_planks":28,"minecraft:stone_axe":3,"minecraft:air":0,"minecraft:stick":36,"minecraft:iron_ingot":6,"minecraft:iron_pickaxe":1,"minecraft:torch":100},"minecraft:broken":{"minecraft:wooden_pickaxe":1,"minecraft:stone_pickaxe":1,"minecraft:stone_axe":1,"minecraft:wooden_axe":1,"minecraft:stone_shovel":3},"minecraft:mined":{"minecraft:tuff":1,"minecraft:white_bed":1,"minecraft:dark_oak_leaves":3,"minecraft:deepslate_diamond_ore":11,"minecraft:cherry_log":47,"minecraft:brewing_stand":1,"minecraft:cave_vines_plant":15,"minecraft:granite":2,"minecraft:dark_oak_fence":6,"minecraft:grass_block":351,"minecraft:moss_block":2,"minecraft:hay_block":22,"minecraft:iron_ore":54,"minecraft:deepslate_lapis_ore":9,"minecraft:cave_vines":21,"minecraft:deepslate_iron_ore":35,"minecraft:vine":1,"minecraft:bamboo":2,"minecraft:azalea":1,"minecraft:stone":41,"minecraft:smoker":3,"minecraft:dandelion":2,"minecraft:cornflower":1,"minecraft:short_grass":93,"minecraft:poppy":1,"minecraft:tall_grass":18,"minecraft:cobblestone":9,"minecraft:deepslate_coal_ore":6,"minecraft:lapis_ore":2,"minecraft:deepslate_gold_ore":27,"minecraft:big_dripleaf":1,"minecraft:pink_petals":2,"minecraft:birch_log":36,"minecraft:birch_leaves":3,"minecraft:oak_log":16,"minecraft:coal_ore":108,"minecraft:cherry_leaves":7,"minecraft:gravel":1,"minecraft:dirt":57,"minecraft:small_dripleaf":1,"minecraft:oak_leaves":5,"minecraft:deepslate":18},"minecraft:used":{"minecraft:moss_block":2,"minecraft:cherry_sapling":9,"minecraft:stone_shovel":433,"minecraft:chest":1,"minecraft:shield":9,"minecraft:iron_sword":162,"minecraft:torch":103,"minecraft:brewing_stand":1,"minecraft:dirt":410,"minecraft:tuff":1,"minecraft:granite":2,"minecraft:axolotl_bucket":1,"minecraft:big_dripleaf":1,"minecraft:wooden_axe":29,"minecraft:birch_sapling":1,"minecraft:bamboo":5,"minecraft:bow":7,"minecraft:oak_sapling":1,"minecraft:egg":1,"minecraft:potato":8,"minecraft:cooked_beef":34,"minecraft:cobbled_deepslate":18,"minecraft:cherry_log":3,"minecraft:iron_leggings":1,"minecraft:cooked_mutton":19,"minecraft:diorite":1,"minecraft:stone_pickaxe":127,"minecraft:wooden_pickaxe":48,"minecraft:glow_berries":20,"minecraft:crafting_table":1,"minecraft:smoker":3,"minecraft:bread":4,"minecraft:iron_pickaxe":196,"minecraft:stone_axe":133,"minecraft:cobblestone":41,"minecraft:cooked_porkchop":2,"minecraft:bucket":1,"minecraft:oak_boat":3},"minecraft:dropped":{"minecraft:wheat_seeds":9,"minecraft:rail":3,"minecraft:string":1,"minecraft:bone":12,"minecraft:gravel":15,"minecraft:birch_sapling":1,"minecraft:rotten_flesh":3,"minecraft:cooked_mutton":11,"minecraft:gunpowder":2,"minecraft:spider_eye":4,"minecraft:bamboo":30},"minecraft:custom":{"minecraft:mob_kills":57,"minecraft:interact_with_crafting_table":21,"minecraft:leave_game":3,"minecraft:time_since_death":100500,"minecraft:climb_one_cm":2116,"minecraft:sprint_one_cm":844757,"minecraft:walk_one_cm":333405,"minecraft:damage_blocked_by_shield":487,"minecraft:drop":22,"minecraft:play_time":224699,"minecraft:deaths":2,"minecraft:sneak_time":3605,"minecraft:walk_under_water_one_cm":9598,"minecraft:boat_one_cm":579709,"minecraft:jump":4752,"minecraft:interact_with_blast_furnace":8,"minecraft:walk_on_water_one_cm":36640,"minecraft:total_world_time":224699,"minecraft:interact_with_furnace":21,"minecraft:sleep_in_bed":13,"minecraft:time_since_rest":4292,"minecraft:damage_taken":4496,"minecraft:damage_dealt":8887,"minecraft:swim_one_cm":80706,"minecraft:fly_one_cm":955272,"minecraft:open_chest":25,"minecraft:crouch_one_cm":7536,"minecraft:interact_with_smoker":46,"minecraft:fall_one_cm":137383},"minecraft:picked_up":{"minecraft:wooden_axe":2,"minecraft:crafting_table":1,"minecraft:iron_chestplate":2,"minecraft:wooden_pickaxe":2,"minecraft:brewing_stand":1,"minecraft:shield":2,"minecraft:cornflower":1,"minecraft:string":1,"minecraft:iron_leggings":2,"minecraft:cobbled_deepslate":23,"minecraft:beef":54,"minecraft:oak_boat":3,"minecraft:azalea":2,"minecraft:iron_pickaxe":1,"minecraft:birch_sapling":2,"minecraft:iron_boots":2,"minecraft:egg":3,"minecraft:stick":12,"minecraft:raw_iron":143,"minecraft:big_dripleaf":1,"minecraft:torch":5,"minecraft:porkchop":28,"minecraft:cherry_log":43,"minecraft:diorite":1,"minecraft:rotten_flesh":21,"minecraft:arrow":7,"minecraft:hay_block":25,"minecraft:glow_berries":20,"minecraft:mutton":10,"minecraft:white_wool":21,"minecraft:rail":2,"minecraft:cobblestone":131,"minecraft:oxeye_daisy":1,"minecraft:birch_log":72,"minecraft:pink_petals":7,"minecraft:cooked_beef":8,"minecraft:leather":25,"minecraft:smoker":4,"minecraft:tuff":1,"minecraft:oak_log":20,"minecraft:gunpowder":2,"minecraft:lapis_lazuli":146,"minecraft:dirt":410,"minecraft:cooked_mutton":11,"minecraft:bone":19,"minecraft:bow":2,"minecraft:wheat_seeds":23,"minecraft:raw_gold":54,"minecraft:stone_pickaxe":1,"minecraft:iron_ingot":4,"minecraft:bamboo":35,"minecraft:moss_block":2,"minecraft:oak_planks":26,"minecraft:iron_sword":1,"minecraft:axolotl_bucket":2,"minecraft:dandelion":2,"minecraft:gravel":29,"minecraft:spider_eye":4,"minecraft:diamond":22,"minecraft:stone_axe":1,"minecraft:iron_helmet":2,"minecraft:granite":2,"minecraft:crossbow":1,"minecraft:cherry_sapling":9,"minecraft:golden_apple":1,"minecraft:bread":64,"minecraft:oak_sapling":1,"minecraft:black_wool":2,"minecraft:coal":362},"minecraft:killed":{"minecraft:cave_spider":2,"minecraft:spider":2,"minecraft:skeleton":6,"minecraft:pig":4,"minecraft:creeper":2,"minecraft:sheep":11,"minecraft:pillager":4,"minecraft:zombie":6,"minecraft:cow":19}},"DataVersion":3955}