{"stats":{"minecraft:killed_by":{"minecraft:creeper":1},"minecraft:crafted":{"minecraft:cooked_beef":14,"minecraft:oak_planks":24,"minecraft:crafting_table":1,"minecraft:iron_sword":1,"minecraft:stone_axe":1,"minecraft:cooked_mutton":19,"minecraft:air":0,"minecraft:stick":32,"minecraft:iron_ingot":6,"minecraft:iron_pickaxe":1,"minecraft:stone_pickaxe":1,"minecraft:torch":100},"minecraft:mined":{"minecraft:tuff":1,"minecraft:dark_oak_leaves":3,"minecraft:deepslate_diamond_ore":11,"minecraft:smoker":1,"minecraft:cave_vines_plant":15,"minecraft:granite":2,"minecraft:short_grass":13,"minecraft:grass_block":2,"minecraft:tall_grass":4,"minecraft:cobblestone":1,"minecraft:deepslate_coal_ore":6,"minecraft:lapis_ore":2,"minecraft:deepslate_gold_ore":27,"minecraft:moss_block":2,"minecraft:big_dripleaf":1,"minecraft:birch_log":36,"minecraft:iron_ore":54,"minecraft:birch_leaves":3,"minecraft:deepslate_lapis_ore":9,"minecraft:vine":1,"minecraft:oak_log":10,"minecraft:coal_ore":108,"minecraft:cave_vines":21,"minecraft:deepslate_iron_ore":35,"minecraft:dirt":4,"minecraft:azalea":1,"minecraft:small_dripleaf":1,"minecraft:stone":41,"minecraft:oak_leaves":5,"minecraft:deepslate":18},"minecraft:used":{"minecraft:moss_block":2,"minecraft:cooked_mutton":19,"minecraft:diorite":1,"minecraft:stone_pickaxe":127,"minecraft:wooden_pickaxe":48,"minecraft:shield":5,"minecraft:iron_sword":62,"minecraft:torch":103,"minecraft:glow_berries":20,"minecraft:dirt":12,"minecraft:tuff":1,"minecraft:granite":2,"minecraft:axolotl_bucket":1,"minecraft:smoker":1,"minecraft:big_dripleaf":1,"minecraft:wooden_axe":29,"minecraft:birch_sapling":1,"minecraft:iron_pickaxe":182,"minecraft:stone_axe":43,"minecraft:cobblestone":33,"minecraft:oak_sapling":1,"minecraft:bucket":1,"minecraft:oak_boat":1,"minecraft:cooked_beef":12,"minecraft:cobbled_deepslate":10,"minecraft:iron_leggings":1},"minecraft:broken":{"minecraft:stone_pickaxe":1,"minecraft:wooden_axe":1,"minecraft:wooden_pickaxe":1},"minecraft:dropped":{"minecraft:wheat_seeds":8,"minecraft:birch_sapling":1,"minecraft:rotten_flesh":3,"minecraft:cooked_mutton":11,"minecraft:rail":3,"minecraft:spider_eye":4,"minecraft:string":1},"minecraft:custom":{"minecraft:interact_with_furnace":21,"minecraft:mob_kills":33,"minecraft:interact_with_crafting_table":15,"minecraft:leave_game":2,"minecraft:time_since_death":93093,"minecraft:climb_one_cm":371,"minecraft:time_since_rest":93178,"minecraft:sprint_one_cm":455162,"minecraft:damage_taken":2675,"minecraft:walk_one_cm":168627,"minecraft:damage_blocked_by_shield":232,"minecraft:drop":14,"minecraft:damage_dealt":5099,"minecraft:swim_one_cm":26788,"minecraft:fly_one_cm":371582,"minecraft:crouch_one_cm":5699,"minecraft:play_time":102937,"minecraft:deaths":1,"minecraft:sneak_time":2284,"minecraft:walk_under_water_one_cm":4284,"minecraft:boat_one_cm":84090,"minecraft:jump":2242,"minecraft:interact_with_blast_furnace":7,"minecraft:walk_on_water_one_cm":15471,"minecraft:interact_with_smoker":28,"minecraft:total_world_time":102937,"minecraft:fall_one_cm":61402},"minecraft:picked_up":{"minecraft:birch_log":36,"minecraft:iron_chestplate":1,"minecraft:cooked_beef":2,"minecraft:leather":11,"minecraft:smoker":1,"minecraft:wooden_pickaxe":2,"minecraft:tuff":1,"minecraft:oak_log":10,"minecraft:shield":1,"minecraft:gunpowder":2,"minecraft:lapis_lazuli":73,"minecraft:dirt":12,"minecraft:string":1,"minecraft:iron_leggings":1,"minecraft:cooked_mutton":11,"minecraft:bone":6,"minecraft:bow":1,"minecraft:wheat_seeds":9,"minecraft:cobbled_deepslate":18,"minecraft:raw_gold":27,"minecraft:stone_pickaxe":1,"minecraft:beef":39,"minecraft:oak_boat":2,"minecraft:azalea":1,"minecraft:moss_block":2,"minecraft:birch_sapling":2,"minecraft:oak_planks":22,"minecraft:iron_boots":1,"minecraft:stick":2,"minecraft:raw_iron":88,"minecraft:big_dripleaf":1,"minecraft:axolotl_bucket":1,"minecraft:gravel":14,"minecraft:diorite":1,"minecraft:spider_eye":4,"minecraft:arrow":7,"minecraft:rotten_flesh":12,"minecraft:diamond":11,"minecraft:iron_helmet":1,"minecraft:granite":2,"minecraft:oak_sapling":1,"minecraft:black_wool":1,"minecraft:rail":1,"minecraft:mutton":10,"minecraft:glow_berries":20,"minecraft:coal":198,"minecraft:white_wool":8,"minecraft:cobblestone":84,"minecraft:wooden_axe":2},"minecraft:killed":{"minecraft:cave_spider":2,"minecraft:spider":2,"minecraft:creeper":2,"minecraft:skeleton":5,"minecraft:sheep":7,"minecraft:zombie":5,"minecraft:cow":10}},"DataVersion":3955}