{"stats":{"minecraft:dropped":{"minecraft:wheat_seeds":17,"minecraft:oak_log":116,"minecraft:cooked_porkchop":1,"minecraft:book":5,"minecraft:granite":4,"minecraft:rail":3,"minecraft:dirt":1,"minecraft:iron_leggings":2,"minecraft:iron_shovel":1,"minecraft:string":1,"minecraft:spruce_sapling":4,"minecraft:bone":14,"minecraft:gravel":15,"minecraft:sugar_cane":10,"minecraft:birch_sapling":1,"minecraft:pointed_dripstone":6,"minecraft:rotten_flesh":21,"minecraft:oak_planks":1,"minecraft:cooked_mutton":11,"minecraft:gunpowder":2,"minecraft:spruce_planks":30,"minecraft:chest":1,"minecraft:bamboo":30,"minecraft:spider_eye":4,"minecraft:spruce_log":57,"minecraft:arrow":3},"minecraft:broken":{"minecraft:iron_shovel":1,"minecraft:iron_leggings":1,"minecraft:wooden_pickaxe":1,"minecraft:stone_pickaxe":1,"minecraft:stone_axe":4,"minecraft:iron_sword":1,"minecraft:iron_pickaxe":4,"minecraft:iron_helmet":1,"minecraft:wooden_axe":1,"minecraft:stone_shovel":5},"minecraft:used":{"minecraft:oak_fence":63,"minecraft:moss_block":2,"minecraft:cherry_sapling":9,"minecraft:iron_shovel":335,"minecraft:stone_shovel":710,"minecraft:chest":53,"minecraft:spruce_planks":33,"minecraft:shield":9,"minecraft:iron_sword":328,"minecraft:torch":255,"minecraft:brewing_stand":1,"minecraft:dirt":863,"minecraft:spruce_stairs":3,"minecraft:carrot":46,"minecraft:tuff":1,"minecraft:axolotl_bucket":1,"minecraft:granite":2,"minecraft:oak_fence_gate":2,"minecraft:big_dripleaf":1,"minecraft:iron_hoe":2,"minecraft:wooden_axe":29,"minecraft:birch_sapling":1,"minecraft:smooth_basalt":1,"minecraft:item_frame":23,"minecraft:bamboo":5,"minecraft:bow":7,"minecraft:oak_sapling":28,"minecraft:egg":4,"minecraft:potato":133,"minecraft:cooked_beef":36,"minecraft:cobbled_deepslate":18,"minecraft:cherry_log":4,"minecraft:iron_leggings":1,"minecraft:wheat_seeds":15,"minecraft:cooked_mutton":19,"minecraft:diorite":1,"minecraft:spruce_door":1,"minecraft:baked_potato":23,"minecraft:oak_planks":256,"minecraft:stone_pickaxe":127,"minecraft:wooden_pickaxe":48,"minecraft:sugar_cane":29,"minecraft:spruce_fence_gate":3,"minecraft:glow_berries":20,"minecraft:crafting_table":1,"minecraft:spruce_log":11,"minecraft:dripstone_block":2,"minecraft:smoker":3,"minecraft:birch_fence":16,"minecraft:bread":5,"minecraft:iron_pickaxe":907,"minecraft:spruce_sapling":29,"minecraft:stone_axe":595,"minecraft:cobblestone":56,"minecraft:cooked_porkchop":28,"minecraft:bucket":1,"minecraft:oak_boat":3},"minecraft:killed_by":{"minecraft:creeper":1,"minecraft:drowned":1,"minecraft:warden":4,"minecraft:skeleton":3,"minecraft:zombie":1},"minecraft:crafted":{"minecraft:oak_planks":552,"minecraft:stone_shovel":7,"minecraft:cooked_mutton":19,"minecraft:iron_boots":1,"minecraft:stone_pickaxe":1,"minecraft:chest":45,"minecraft:oak_fence":81,"minecraft:cooked_beef":62,"minecraft:item_frame":23,"minecraft:cooked_porkchop":19,"minecraft:crafting_table":1,"minecraft:spruce_planks":292,"minecraft:iron_helmet":1,"minecraft:baked_potato":49,"minecraft:iron_sword":2,"minecraft:spruce_door":3,"minecraft:birch_planks":28,"minecraft:stone_axe":5,"minecraft:air":0,"minecraft:oak_fence_gate":1,"minecraft:iron_chestplate":1,"minecraft:book":5,"minecraft:paper":15,"minecraft:stick":244,"minecraft:iron_ingot":262,"minecraft:iron_pickaxe":4,"minecraft:iron_shovel":1,"minecraft:iron_leggings":1,"minecraft:torch":228,"minecraft:spruce_fence_gate":2},"minecraft:picked_up":{"minecraft:wooden_axe":2,"minecraft:iron_chestplate":6,"minecraft:crafting_table":1,"minecraft:wheat":15,"minecraft:lead":2,"minecraft:wooden_pickaxe":2,"minecraft:brewing_stand":1,"minecraft:shield":3,"minecraft:cornflower":2,"minecraft:string":4,"minecraft:raw_copper":20,"minecraft:flint_and_steel":2,"minecraft:iron_leggings":9,"minecraft:iron_shovel":3,"minecraft:birch_fence":16,"minecraft:cobbled_deepslate":60,"minecraft:spruce_planks":35,"minecraft:beef":81,"minecraft:oak_boat":3,"minecraft:calcite":5,"minecraft:azalea":2,"minecraft:iron_pickaxe":7,"minecraft:sugar_cane":55,"minecraft:chest":9,"minecraft:birch_sapling":2,"minecraft:iron_boots":7,"minecraft:egg":6,"minecraft:stick":56,"minecraft:raw_iron":886,"minecraft:oak_door":4,"minecraft:big_dripleaf":1,"minecraft:torch":146,"minecraft:porkchop":28,"minecraft:cherry_log":44,"minecraft:pointed_dripstone":30,"minecraft:diorite":25,"minecraft:carrot":83,"minecraft:redstone":148,"minecraft:arrow":26,"minecraft:stone_shovel":1,"minecraft:rotten_flesh":116,"minecraft:hay_block":25,"minecraft:glow_berries":20,"minecraft:mutton":10,"minecraft:rail":2,"minecraft:white_wool":21,"minecraft:cobblestone":490,"minecraft:oxeye_daisy":1,"minecraft:birch_log":72,"minecraft:pink_petals":7,"minecraft:cooked_beef":9,"minecraft:andesite":3,"minecraft:leather":62,"minecraft:smoker":4,"minecraft:potato":384,"minecraft:flint":1,"minecraft:tuff":5,"minecraft:oak_log":251,"minecraft:gunpowder":13,"minecraft:lapis_lazuli":750,"minecraft:dirt":1259,"minecraft:cooked_mutton":11,"minecraft:bone":37,"minecraft:apple":1,"minecraft:bow":5,"minecraft:wheat_seeds":71,"minecraft:raw_gold":99,"minecraft:iron_ingot":4,"minecraft:oak_fence_gate":1,"minecraft:stone_pickaxe":1,"minecraft:bamboo":35,"minecraft:moss_block":2,"minecraft:iron_sword":5,"minecraft:oak_planks":39,"minecraft:smooth_basalt":23,"minecraft:cooked_porkchop":78,"minecraft:axolotl_bucket":2,"minecraft:dandelion":5,"minecraft:poisonous_potato":1,"minecraft:dripstone_block":6,"minecraft:gravel":39,"minecraft:amethyst_shard":4,"minecraft:spruce_sapling":33,"minecraft:spruce_log":141,"minecraft:spider_eye":4,"minecraft:iron_hoe":1,"minecraft:spruce_fence_gate":1,"minecraft:diamond":32,"minecraft:stone_axe":2,"minecraft:iron_helmet":5,"minecraft:crossbow":1,"minecraft:granite":10,"minecraft:cherry_sapling":9,"minecraft:golden_apple":1,"minecraft:bread":64,"minecraft:baked_potato":78,"minecraft:oak_sapling":28,"minecraft:black_wool":2,"minecraft:coal":985},"minecraft:mined":{"minecraft:tuff":5,"minecraft:spruce_planks":20,"minecraft:white_bed":1,"minecraft:oak_sapling":1,"minecraft:dark_oak_leaves":3,"minecraft:deepslate_diamond_ore":15,"minecraft:cherry_log":47,"minecraft:brewing_stand":1,"minecraft:cave_vines_plant":15,"minecraft:granite":6,"minecraft:dark_oak_fence":6,"minecraft:grass_block":571,"minecraft:spruce_leaves":81,"minecraft:moss_block":2,"minecraft:large_fern":4,"minecraft:hay_block":22,"minecraft:redstone_ore":1,"minecraft:carrots":27,"minecraft:iron_ore":196,"minecraft:fire":1,"minecraft:andesite":3,"minecraft:deepslate_lapis_ore":14,"minecraft:potatoes":144,"minecraft:pointed_dripstone":2,"minecraft:dirt_path":3,"minecraft:vine":1,"minecraft:cave_vines":21,"minecraft:deepslate_iron_ore":78,"minecraft:azalea":1,"minecraft:bamboo":2,"minecraft:stone":324,"minecraft:deepslate_redstone_ore":5,"minecraft:smoker":3,"minecraft:dandelion":2,"minecraft:cornflower":1,"minecraft:torch":7,"minecraft:short_grass":126,"minecraft:calcite":1,"minecraft:poppy":1,"minecraft:chest":9,"minecraft:copper_ore":6,"minecraft:tall_grass":61,"minecraft:cobblestone":14,"minecraft:deepslate_coal_ore":6,"minecraft:deepslate_gold_ore":34,"minecraft:lapis_ore":17,"minecraft:oak_planks":7,"minecraft:sugar_cane":56,"minecraft:diorite":6,"minecraft:wall_torch":5,"minecraft:big_dripleaf":1,"minecraft:pink_petals":2,"minecraft:birch_log":36,"minecraft:wheat":16,"minecraft:spruce_log":144,"minecraft:birch_leaves":3,"minecraft:oak_log":190,"minecraft:coal_ore":266,"minecraft:oak_fence_gate":1,"minecraft:cherry_leaves":7,"minecraft:gravel":9,"minecraft:dripstone_block":2,"minecraft:dirt":455,"minecraft:smooth_basalt":2,"minecraft:spruce_fence_gate":1,"minecraft:small_dripleaf":1,"minecraft:gold_ore":6,"minecraft:oak_leaves":113,"minecraft:deepslate":24,"minecraft:birch_fence":16,"minecraft:fern":2},"minecraft:custom":{"minecraft:mob_kills":94,"minecraft:animals_bred":6,"minecraft:interact_with_crafting_table":58,"minecraft:leave_game":7,"minecraft:time_since_death":42395,"minecraft:climb_one_cm":2116,"minecraft:sprint_one_cm":1732898,"minecraft:walk_one_cm":895294,"minecraft:damage_blocked_by_shield":487,"minecraft:drop":53,"minecraft:talked_to_villager":1,"minecraft:play_time":472556,"minecraft:sneak_time":8081,"minecraft:deaths":11,"minecraft:walk_under_water_one_cm":14015,"minecraft:boat_one_cm":579709,"minecraft:interact_with_brewingstand":4,"minecraft:jump":8107,"minecraft:interact_with_blast_furnace":28,"minecraft:walk_on_water_one_cm":51882,"minecraft:total_world_time":472556,"minecraft:interact_with_furnace":45,"minecraft:sleep_in_bed":23,"minecraft:time_since_rest":33574,"minecraft:damage_taken":9439,"minecraft:damage_dealt":16710,"minecraft:swim_one_cm":122652,"minecraft:fly_one_cm":1671397,"minecraft:open_chest":349,"minecraft:crouch_one_cm":17565,"minecraft:interact_with_smoker":67,"minecraft:fall_one_cm":213544},"minecraft:killed":{"minecraft:cave_spider":2,"minecraft:spider":4,"minecraft:skeleton":11,"minecraft:pig":4,"minecraft:bat":1,"minecraft:creeper":4,"minecraft:sheep":11,"minecraft:trader_llama":2,"minecraft:pillager":4,"minecraft:zombie":26,"minecraft:cow":21}},"DataVersion":3955}