{"stats":{"minecraft:killed_by":{"minecraft:creeper":1},"minecraft:crafted":{"minecraft:cooked_beef":9,"minecraft:oak_planks":24,"minecraft:crafting_table":1,"minecraft:iron_sword":1,"minecraft:stone_axe":1,"minecraft:cooked_mutton":18,"minecraft:air":0,"minecraft:stick":32,"minecraft:iron_ingot":6,"minecraft:iron_pickaxe":1,"minecraft:stone_pickaxe":1,"minecraft:torch":100},"minecraft:mined":{"minecraft:tuff":1,"minecraft:dark_oak_leaves":1,"minecraft:deepslate_diamond_ore":9,"minecraft:smoker":1,"minecraft:cave_vines_plant":6,"minecraft:granite":2,"minecraft:short_grass":10,"minecraft:grass_block":2,"minecraft:tall_grass":4,"minecraft:cobblestone":1,"minecraft:deepslate_coal_ore":6,"minecraft:lapis_ore":2,"minecraft:deepslate_gold_ore":16,"minecraft:birch_log":36,"minecraft:iron_ore":53,"minecraft:birch_leaves":2,"minecraft:deepslate_lapis_ore":5,"minecraft:vine":1,"minecraft:oak_log":10,"minecraft:coal_ore":108,"minecraft:cave_vines":11,"minecraft:deepslate_iron_ore":31,"minecraft:dirt":4,"minecraft:azalea":1,"minecraft:small_dripleaf":1,"minecraft:stone":34,"minecraft:oak_leaves":4,"minecraft:deepslate":11},"minecraft:used":{"minecraft:cooked_mutton":18,"minecraft:diorite":1,"minecraft:stone_pickaxe":127,"minecraft:wooden_pickaxe":48,"minecraft:shield":5,"minecraft:iron_sword":55,"minecraft:torch":94,"minecraft:dirt":12,"minecraft:tuff":1,"minecraft:granite":2,"minecraft:axolotl_bucket":1,"minecraft:smoker":1,"minecraft:wooden_axe":29,"minecraft:birch_sapling":1,"minecraft:iron_pickaxe":128,"minecraft:stone_axe":36,"minecraft:cobblestone":33,"minecraft:bucket":1,"minecraft:cooked_beef":11,"minecraft:cobbled_deepslate":8,"minecraft:iron_leggings":1},"minecraft:broken":{"minecraft:stone_pickaxe":1,"minecraft:wooden_axe":1,"minecraft:wooden_pickaxe":1},"minecraft:dropped":{"minecraft:wheat_seeds":3,"minecraft:birch_sapling":1,"minecraft:rotten_flesh":3,"minecraft:cooked_mutton":11,"minecraft:rail":3,"minecraft:spider_eye":2},"minecraft:custom":{"minecraft:interact_with_furnace":17,"minecraft:mob_kills":26,"minecraft:interact_with_crafting_table":15,"minecraft:leave_game":2,"minecraft:time_since_death":69093,"minecraft:climb_one_cm":212,"minecraft:time_since_rest":69178,"minecraft:sprint_one_cm":350493,"minecraft:damage_taken":2427,"minecraft:walk_one_cm":135568,"minecraft:damage_blocked_by_shield":232,"minecraft:drop":10,"minecraft:damage_dealt":4343,"minecraft:swim_one_cm":7045,"minecraft:fly_one_cm":277428,"minecraft:crouch_one_cm":5671,"minecraft:play_time":78937,"minecraft:deaths":1,"minecraft:sneak_time":2200,"minecraft:walk_under_water_one_cm":2336,"minecraft:boat_one_cm":28312,"minecraft:jump":1633,"minecraft:walk_on_water_one_cm":9771,"minecraft:interact_with_smoker":11,"minecraft:total_world_time":78937,"minecraft:fall_one_cm":49253},"minecraft:picked_up":{"minecraft:birch_log":36,"minecraft:iron_chestplate":1,"minecraft:cooked_beef":2,"minecraft:leather":6,"minecraft:smoker":1,"minecraft:wooden_pickaxe":2,"minecraft:tuff":1,"minecraft:oak_log":10,"minecraft:shield":1,"minecraft:gunpowder":2,"minecraft:lapis_lazuli":48,"minecraft:dirt":12,"minecraft:string":1,"minecraft:iron_leggings":1,"minecraft:cooked_mutton":11,"minecraft:bone":6,"minecraft:bow":1,"minecraft:wheat_seeds":9,"minecraft:cobbled_deepslate":11,"minecraft:raw_gold":16,"minecraft:stone_pickaxe":1,"minecraft:beef":28,"minecraft:oak_boat":1,"minecraft:azalea":1,"minecraft:birch_sapling":2,"minecraft:oak_planks":22,"minecraft:iron_boots":1,"minecraft:stick":2,"minecraft:raw_iron":83,"minecraft:axolotl_bucket":1,"minecraft:diorite":1,"minecraft:spider_eye":2,"minecraft:arrow":7,"minecraft:rotten_flesh":12,"minecraft:diamond":9,"minecraft:iron_helmet":1,"minecraft:granite":2,"minecraft:rail":1,"minecraft:mutton":9,"minecraft:glow_berries":10,"minecraft:coal":198,"minecraft:white_wool":7,"minecraft:cobblestone":45,"minecraft:wooden_axe":2},"minecraft:killed":{"minecraft:cave_spider":2,"minecraft:spider":2,"minecraft:creeper":2,"minecraft:skeleton":5,"minecraft:sheep":5,"minecraft:zombie":5,"minecraft:cow":5}},"DataVersion":3955}