{"stats":{"minecraft:killed_by":{"minecraft:creeper":1,"minecraft:drowned":1},"minecraft:crafted":{"minecraft:oak_planks":40,"minecraft:stone_shovel":3,"minecraft:cooked_mutton":19,"minecraft:stone_pickaxe":1,"minecraft:chest":1,"minecraft:cooked_beef":35,"minecraft:cooked_porkchop":19,"minecraft:crafting_table":1,"minecraft:iron_sword":1,"minecraft:stone_axe":1,"minecraft:air":0,"minecraft:stick":32,"minecraft:iron_ingot":6,"minecraft:iron_pickaxe":1,"minecraft:torch":100},"minecraft:broken":{"minecraft:wooden_pickaxe":1,"minecraft:stone_pickaxe":1,"minecraft:wooden_axe":1,"minecraft:stone_shovel":1},"minecraft:mined":{"minecraft:tuff":1,"minecraft:dark_oak_leaves":3,"minecraft:deepslate_diamond_ore":11,"minecraft:brewing_stand":1,"minecraft:cave_vines_plant":15,"minecraft:granite":2,"minecraft:dark_oak_fence":6,"minecraft:grass_block":199,"minecraft:moss_block":2,"minecraft:hay_block":22,"minecraft:iron_ore":54,"minecraft:deepslate_lapis_ore":9,"minecraft:cave_vines":21,"minecraft:deepslate_iron_ore":35,"minecraft:vine":1,"minecraft:bamboo":2,"minecraft:azalea":1,"minecraft:stone":41,"minecraft:smoker":3,"minecraft:dandelion":2,"minecraft:cornflower":1,"minecraft:short_grass":64,"minecraft:poppy":1,"minecraft:cobblestone":1,"minecraft:tall_grass":18,"minecraft:deepslate_coal_ore":6,"minecraft:deepslate_gold_ore":27,"minecraft:lapis_ore":2,"minecraft:big_dripleaf":1,"minecraft:birch_log":36,"minecraft:birch_leaves":3,"minecraft:coal_ore":108,"minecraft:oak_log":10,"minecraft:gravel":1,"minecraft:dirt":24,"minecraft:small_dripleaf":1,"minecraft:oak_leaves":5,"minecraft:deepslate":18},"minecraft:used":{"minecraft:moss_block":2,"minecraft:stone_shovel":232,"minecraft:chest":1,"minecraft:shield":9,"minecraft:iron_sword":157,"minecraft:torch":103,"minecraft:brewing_stand":1,"minecraft:dirt":139,"minecraft:tuff":1,"minecraft:granite":2,"minecraft:axolotl_bucket":1,"minecraft:big_dripleaf":1,"minecraft:wooden_axe":29,"minecraft:birch_sapling":1,"minecraft:bamboo":5,"minecraft:bow":7,"minecraft:oak_sapling":1,"minecraft:cooked_beef":32,"minecraft:cobbled_deepslate":18,"minecraft:iron_leggings":1,"minecraft:cooked_mutton":19,"minecraft:diorite":1,"minecraft:stone_pickaxe":127,"minecraft:wooden_pickaxe":48,"minecraft:glow_berries":20,"minecraft:crafting_table":1,"minecraft:smoker":3,"minecraft:iron_pickaxe":185,"minecraft:stone_axe":73,"minecraft:cobblestone":33,"minecraft:bucket":1,"minecraft:oak_boat":3},"minecraft:dropped":{"minecraft:wheat_seeds":9,"minecraft:rail":3,"minecraft:string":1,"minecraft:bone":12,"minecraft:gravel":15,"minecraft:birch_sapling":1,"minecraft:rotten_flesh":3,"minecraft:cooked_mutton":11,"minecraft:gunpowder":2,"minecraft:spider_eye":4,"minecraft:bamboo":30},"minecraft:custom":{"minecraft:mob_kills":56,"minecraft:interact_with_crafting_table":20,"minecraft:leave_game":2,"minecraft:time_since_death":62738,"minecraft:climb_one_cm":2116,"minecraft:sprint_one_cm":742090,"minecraft:walk_one_cm":265539,"minecraft:damage_blocked_by_shield":487,"minecraft:drop":22,"minecraft:play_time":186937,"minecraft:deaths":2,"minecraft:sneak_time":2462,"minecraft:walk_under_water_one_cm":9598,"minecraft:boat_one_cm":579709,"minecraft:jump":4121,"minecraft:interact_with_blast_furnace":7,"minecraft:walk_on_water_one_cm":36640,"minecraft:total_world_time":186937,"minecraft:interact_with_furnace":21,"minecraft:sleep_in_bed":6,"minecraft:time_since_rest":6350,"minecraft:damage_taken":4218,"minecraft:damage_dealt":8603,"minecraft:swim_one_cm":80706,"minecraft:fly_one_cm":810537,"minecraft:open_chest":17,"minecraft:crouch_one_cm":5714,"minecraft:interact_with_smoker":45,"minecraft:fall_one_cm":121130},"minecraft:picked_up":{"minecraft:wooden_axe":2,"minecraft:iron_chestplate":2,"minecraft:crafting_table":1,"minecraft:wooden_pickaxe":2,"minecraft:brewing_stand":1,"minecraft:shield":2,"minecraft:cornflower":1,"minecraft:string":1,"minecraft:iron_leggings":2,"minecraft:cobbled_deepslate":23,"minecraft:beef":54,"minecraft:oak_boat":3,"minecraft:azalea":2,"minecraft:iron_pickaxe":1,"minecraft:birch_sapling":2,"minecraft:iron_boots":2,"minecraft:raw_iron":143,"minecraft:stick":8,"minecraft:big_dripleaf":1,"minecraft:torch":5,"minecraft:porkchop":28,"minecraft:diorite":1,"minecraft:rotten_flesh":21,"minecraft:arrow":7,"minecraft:hay_block":25,"minecraft:glow_berries":20,"minecraft:mutton":10,"minecraft:white_wool":21,"minecraft:rail":2,"minecraft:cobblestone":123,"minecraft:oxeye_daisy":1,"minecraft:birch_log":72,"minecraft:cooked_beef":8,"minecraft:leather":25,"minecraft:smoker":4,"minecraft:tuff":1,"minecraft:oak_log":14,"minecraft:gunpowder":2,"minecraft:lapis_lazuli":146,"minecraft:dirt":221,"minecraft:cooked_mutton":11,"minecraft:bone":19,"minecraft:bow":2,"minecraft:wheat_seeds":18,"minecraft:raw_gold":54,"minecraft:iron_ingot":4,"minecraft:stone_pickaxe":1,"minecraft:bamboo":35,"minecraft:moss_block":2,"minecraft:oak_planks":26,"minecraft:iron_sword":1,"minecraft:axolotl_bucket":2,"minecraft:dandelion":2,"minecraft:gravel":29,"minecraft:spider_eye":4,"minecraft:diamond":22,"minecraft:stone_axe":1,"minecraft:iron_helmet":2,"minecraft:granite":2,"minecraft:crossbow":1,"minecraft:golden_apple":1,"minecraft:oak_sapling":1,"minecraft:black_wool":2,"minecraft:coal":362},"minecraft:killed":{"minecraft:cave_spider":2,"minecraft:spider":2,"minecraft:skeleton":6,"minecraft:pig":4,"minecraft:creeper":2,"minecraft:sheep":11,"minecraft:pillager":3,"minecraft:zombie":6,"minecraft:cow":19}},"DataVersion":3955}