{"stats":{"minecraft:used":{"minecraft:moss_block":2,"minecraft:cherry_sapling":9,"minecraft:stone_shovel":512,"minecraft:chest":1,"minecraft:spruce_planks":13,"minecraft:shield":9,"minecraft:iron_sword":185,"minecraft:torch":108,"minecraft:brewing_stand":1,"minecraft:dirt":461,"minecraft:carrot":46,"minecraft:tuff":1,"minecraft:granite":2,"minecraft:axolotl_bucket":1,"minecraft:big_dripleaf":1,"minecraft:wooden_axe":29,"minecraft:birch_sapling":1,"minecraft:bamboo":5,"minecraft:bow":7,"minecraft:oak_sapling":18,"minecraft:egg":3,"minecraft:cooked_beef":34,"minecraft:potato":66,"minecraft:cobbled_deepslate":18,"minecraft:cherry_log":4,"minecraft:iron_leggings":1,"minecraft:cooked_mutton":19,"minecraft:diorite":1,"minecraft:spruce_door":1,"minecraft:stone_pickaxe":127,"minecraft:wooden_pickaxe":48,"minecraft:glow_berries":20,"minecraft:crafting_table":1,"minecraft:spruce_log":11,"minecraft:smoker":3,"minecraft:bread":5,"minecraft:iron_pickaxe":196,"minecraft:spruce_sapling":14,"minecraft:stone_axe":393,"minecraft:cobblestone":41,"minecraft:cooked_porkchop":10,"minecraft:bucket":1,"minecraft:oak_boat":3},"minecraft:dropped":{"minecraft:wheat_seeds":14,"minecraft:oak_log":116,"minecraft:cooked_porkchop":1,"minecraft:rail":3,"minecraft:dirt":1,"minecraft:iron_leggings":2,"minecraft:string":1,"minecraft:bone":12,"minecraft:gravel":15,"minecraft:birch_sapling":1,"minecraft:rotten_flesh":3,"minecraft:cooked_mutton":11,"minecraft:gunpowder":2,"minecraft:spruce_planks":30,"minecraft:spider_eye":4,"minecraft:bamboo":30,"minecraft:spruce_log":57},"minecraft:broken":{"minecraft:wooden_pickaxe":1,"minecraft:stone_pickaxe":1,"minecraft:stone_axe":3,"minecraft:wooden_axe":1,"minecraft:stone_shovel":3},"minecraft:killed":{"minecraft:cave_spider":2,"minecraft:spider":2,"minecraft:skeleton":6,"minecraft:pig":4,"minecraft:creeper":4,"minecraft:sheep":11,"minecraft:trader_llama":2,"minecraft:pillager":4,"minecraft:zombie":6,"minecraft:cow":19},"minecraft:killed_by":{"minecraft:creeper":1,"minecraft:drowned":1},"minecraft:custom":{"minecraft:mob_kills":61,"minecraft:interact_with_crafting_table":28,"minecraft:leave_game":5,"minecraft:time_since_death":152641,"minecraft:climb_one_cm":2116,"minecraft:sprint_one_cm":1038949,"minecraft:walk_one_cm":436627,"minecraft:damage_blocked_by_shield":487,"minecraft:drop":36,"minecraft:talked_to_villager":1,"minecraft:play_time":276840,"minecraft:sneak_time":3823,"minecraft:deaths":2,"minecraft:walk_under_water_one_cm":10525,"minecraft:boat_one_cm":579709,"minecraft:interact_with_brewingstand":4,"minecraft:jump":5381,"minecraft:interact_with_blast_furnace":10,"minecraft:walk_on_water_one_cm":37903,"minecraft:total_world_time":276840,"minecraft:interact_with_furnace":21,"minecraft:sleep_in_bed":15,"minecraft:time_since_rest":25529,"minecraft:damage_taken":4904,"minecraft:damage_dealt":9964,"minecraft:swim_one_cm":92580,"minecraft:fly_one_cm":1089638,"minecraft:open_chest":42,"minecraft:crouch_one_cm":7916,"minecraft:interact_with_smoker":47,"minecraft:fall_one_cm":149527},"minecraft:crafted":{"minecraft:oak_planks":40,"minecraft:stone_shovel":4,"minecraft:cooked_mutton":19,"minecraft:stone_pickaxe":1,"minecraft:chest":1,"minecraft:cooked_beef":35,"minecraft:cooked_porkchop":19,"minecraft:crafting_table":1,"minecraft:spruce_planks":32,"minecraft:iron_sword":1,"minecraft:spruce_door":3,"minecraft:birch_planks":28,"minecraft:stone_axe":5,"minecraft:air":0,"minecraft:stick":44,"minecraft:iron_ingot":6,"minecraft:iron_pickaxe":1,"minecraft:torch":100},"minecraft:mined":{"minecraft:tuff":1,"minecraft:spruce_planks":6,"minecraft:white_bed":1,"minecraft:oak_sapling":1,"minecraft:dark_oak_leaves":3,"minecraft:deepslate_diamond_ore":11,"minecraft:cherry_log":47,"minecraft:brewing_stand":1,"minecraft:cave_vines_plant":15,"minecraft:granite":2,"minecraft:dark_oak_fence":6,"minecraft:grass_block":426,"minecraft:spruce_leaves":54,"minecraft:moss_block":2,"minecraft:large_fern":4,"minecraft:hay_block":22,"minecraft:carrots":27,"minecraft:iron_ore":54,"minecraft:deepslate_lapis_ore":9,"minecraft:potatoes":77,"minecraft:cave_vines":21,"minecraft:deepslate_iron_ore":35,"minecraft:vine":1,"minecraft:bamboo":2,"minecraft:azalea":1,"minecraft:stone":41,"minecraft:smoker":3,"minecraft:dandelion":2,"minecraft:cornflower":1,"minecraft:short_grass":105,"minecraft:poppy":1,"minecraft:tall_grass":38,"minecraft:cobblestone":9,"minecraft:deepslate_coal_ore":6,"minecraft:lapis_ore":2,"minecraft:deepslate_gold_ore":27,"minecraft:wall_torch":2,"minecraft:big_dripleaf":1,"minecraft:pink_petals":2,"minecraft:birch_log":36,"minecraft:spruce_log":77,"minecraft:birch_leaves":3,"minecraft:oak_log":131,"minecraft:coal_ore":108,"minecraft:cherry_leaves":7,"minecraft:gravel":1,"minecraft:dirt":58,"minecraft:small_dripleaf":1,"minecraft:oak_leaves":28,"minecraft:deepslate":18,"minecraft:fern":2},"minecraft:picked_up":{"minecraft:wooden_axe":2,"minecraft:crafting_table":1,"minecraft:iron_chestplate":2,"minecraft:lead":2,"minecraft:wooden_pickaxe":2,"minecraft:brewing_stand":1,"minecraft:shield":2,"minecraft:cornflower":2,"minecraft:string":1,"minecraft:iron_leggings":4,"minecraft:cobbled_deepslate":23,"minecraft:spruce_planks":21,"minecraft:beef":54,"minecraft:oak_boat":3,"minecraft:azalea":2,"minecraft:iron_pickaxe":1,"minecraft:birch_sapling":2,"minecraft:iron_boots":2,"minecraft:egg":5,"minecraft:stick":33,"minecraft:raw_iron":143,"minecraft:big_dripleaf":1,"minecraft:torch":7,"minecraft:porkchop":28,"minecraft:cherry_log":44,"minecraft:diorite":1,"minecraft:carrot":83,"minecraft:arrow":7,"minecraft:rotten_flesh":21,"minecraft:hay_block":25,"minecraft:glow_berries":20,"minecraft:mutton":10,"minecraft:rail":2,"minecraft:white_wool":21,"minecraft:cobblestone":131,"minecraft:oxeye_daisy":1,"minecraft:birch_log":72,"minecraft:pink_petals":7,"minecraft:cooked_beef":8,"minecraft:leather":27,"minecraft:smoker":4,"minecraft:potato":178,"minecraft:tuff":1,"minecraft:oak_log":136,"minecraft:gunpowder":2,"minecraft:lapis_lazuli":146,"minecraft:dirt":520,"minecraft:cooked_mutton":11,"minecraft:bone":19,"minecraft:bow":3,"minecraft:wheat_seeds":29,"minecraft:raw_gold":54,"minecraft:stone_pickaxe":1,"minecraft:iron_ingot":4,"minecraft:bamboo":35,"minecraft:moss_block":2,"minecraft:iron_sword":1,"minecraft:oak_planks":26,"minecraft:cooked_porkchop":1,"minecraft:axolotl_bucket":2,"minecraft:dandelion":3,"minecraft:poisonous_potato":1,"minecraft:gravel":29,"minecraft:spruce_sapling":14,"minecraft:spruce_log":76,"minecraft:spider_eye":4,"minecraft:diamond":22,"minecraft:stone_axe":1,"minecraft:iron_helmet":2,"minecraft:granite":2,"minecraft:crossbow":1,"minecraft:cherry_sapling":9,"minecraft:golden_apple":1,"minecraft:bread":64,"minecraft:oak_sapling":18,"minecraft:black_wool":2,"minecraft:coal":362}},"DataVersion":3955}